term,N,embedding,cluster,n_contexts,silhouette,best_k,silhouette_k,decoded_lemmas,examples
dope,5,masked,0,5,0.0,1,"{1: 0.0, 2: 0.08907792717218399, 3: 0.08064483106136322, 4: 0.05201783776283264}",,"['That beat is dope honestly', 'That transition was dope as hell', 'This jacket looks dope on you', 'Dope energy from the crowd tonight', 'Low effort idea but somehow dope']"
dope,10,masked,0,1,0.1251334547996521,2,"{1: 0.0, 2: 0.1251334547996521, 3: 0.062085025012493134, 4: 0.03541667386889458, 5: 0.04147637262940407}",,['That beat is dope honestly']
dope,10,masked,1,9,0.1251334547996521,2,"{1: 0.0, 2: 0.1251334547996521, 3: 0.062085025012493134, 4: 0.03541667386889458, 5: 0.04147637262940407}",,"['That beat is dope honestly', 'Simple concept, dope execution overall', 'Dope colors mixed with minimal design', 'That transition was dope as hell', 'Dope energy from the crowd tonight']"
dope,20,masked,0,15,0.20511464774608612,2,"{1: 0.0, 2: 0.20511464774608612, 3: 0.13829679787158966, 4: 0.12604930996894836, 5: 0.12029155343770981}",,"['That beat is dope honestly', 'Unexpectedly dope ending to the film', 'Simple concept, dope execution overall', 'This place feels dope at night', 'That timing was dope for real']"
dope,20,masked,1,5,0.20511464774608612,2,"{1: 0.0, 2: 0.20511464774608612, 3: 0.13829679787158966, 4: 0.12604930996894836, 5: 0.12029155343770981}",,"['That transition was dope as hell', 'Low effort idea but somehow dope', 'That beat is dope honestly', 'This jacket looks dope on you', 'Dope energy from the crowd tonight']"
dope,30,masked,0,19,0.24776728451251984,2,"{1: 0.0, 2: 0.24776728451251984, 3: 0.17156626284122467, 4: 0.10960140079259872, 5: 0.1031397357583046}",,"['That beat is dope honestly', 'This whole setup is surprisingly dope', 'This place feels dope at night', 'Unexpectedly dope ending to the film', 'Simple concept, dope execution overall']"
dope,30,masked,1,11,0.24776728451251984,2,"{1: 0.0, 2: 0.24776728451251984, 3: 0.17156626284122467, 4: 0.10960140079259872, 5: 0.1031397357583046}",,"['This remix sounds dope in headphones', 'The crowd reaction was genuinely dope', 'That transition was dope as hell', 'Dope colors mixed with minimal design', 'Low effort idea but somehow dope']"
dope,40,masked,0,25,0.2562941610813141,2,"{1: 0.0, 2: 0.2562941610813141, 3: 0.18764226138591766, 4: 0.17203617095947266, 5: 0.17147254943847656}",,"['That detail makes it feel dope', 'That beat is dope honestly', 'The crowd made the moment dope', 'That visual looked dope on screen', 'This place feels dope at night']"
dope,40,masked,1,15,0.2562941610813141,2,"{1: 0.0, 2: 0.2562941610813141, 3: 0.18764226138591766, 4: 0.17203617095947266, 5: 0.17147254943847656}",,"['This remix sounds dope in headphones', 'The crowd reaction was genuinely dope', 'That timing was dope for real', 'Dope colors mixed with minimal design', 'Unexpectedly dope ending to the film']"
dope,50,masked,0,30,0.266086608171463,2,"{1: 0.0, 2: 0.266086608171463, 3: 0.20297004282474518, 4: 0.1259806752204895, 5: 0.11950451880693436}",,"['That detail makes it feel dope', 'The crowd made the moment dope', 'That visual looked dope on screen', 'That beat is dope honestly', 'Dope vibes carried the whole night']"
dope,50,masked,1,20,0.266086608171463,2,"{1: 0.0, 2: 0.266086608171463, 3: 0.20297004282474518, 4: 0.1259806752204895, 5: 0.11950451880693436}",,"['Dope flow but weak lyrics', 'This whole setup is surprisingly dope', 'This remix sounds dope in headphones', 'Dope colors mixed with minimal design', 'That timing was dope for real']"
dope,60,masked,0,23,0.2535448670387268,2,"{1: 0.0, 2: 0.2535448670387268, 3: 0.1935305893421173, 4: 0.11629975587129593, 5: 0.11453040689229965}",,"['Dope flow but weak lyrics', 'This whole setup is surprisingly dope', 'This remix sounds dope in headphones', 'Dope colors mixed with minimal design', 'That timing was dope for real']"
dope,60,masked,1,37,0.2535448670387268,2,"{1: 0.0, 2: 0.2535448670387268, 3: 0.1935305893421173, 4: 0.11629975587129593, 5: 0.11453040689229965}",,"['That detail makes it feel dope', 'The crowd made the moment dope', 'That beat is dope honestly', 'That visual looked dope on screen', 'Dope vibes carried the whole night']"
dope,70,masked,0,25,0.2442043572664261,2,"{1: 0.0, 2: 0.2442043572664261, 3: 0.1815834641456604, 4: 0.11603432893753052, 5: 0.10771865397691727}",,"['Dope flow but weak lyrics', 'This whole setup is surprisingly dope', 'This remix sounds dope in headphones', 'Dope colors mixed with minimal design', 'That timing was dope for real']"
dope,70,masked,1,45,0.2442043572664261,2,"{1: 0.0, 2: 0.2442043572664261, 3: 0.1815834641456604, 4: 0.11603432893753052, 5: 0.10771865397691727}",,"['That detail makes it feel dope', 'That visual looked dope on screen', 'That beat is dope honestly', 'The crowd made the moment dope', 'Dope vibes carried the whole night']"
dope,80,masked,0,25,0.24169126152992249,2,"{1: 0.0, 2: 0.24169126152992249, 3: 0.1686706840991974, 4: 0.11242827028036118, 5: 0.10585810989141464}",,"['Dope flow but weak lyrics', 'This whole setup is surprisingly dope', 'This remix sounds dope in headphones', 'Dope colors mixed with minimal design', 'That timing was dope for real']"
dope,80,masked,1,55,0.24169126152992249,2,"{1: 0.0, 2: 0.24169126152992249, 3: 0.1686706840991974, 4: 0.11242827028036118, 5: 0.10585810989141464}",,"['Dope flow carrying the whole track', 'That visual looked dope on screen', 'That beat is dope honestly', 'That detail makes it feel dope', 'This place feels dope at night']"
dope,90,masked,0,25,0.2397090345621109,2,"{1: 0.0, 2: 0.2397090345621109, 3: 0.15966908633708954, 4: 0.1706303358078003, 5: 0.10382583737373352}",,"['Dope flow but weak lyrics', 'This whole setup is surprisingly dope', 'This remix sounds dope in headphones', 'Dope colors mixed with minimal design', 'That timing was dope for real']"
dope,90,masked,1,65,0.2397090345621109,2,"{1: 0.0, 2: 0.2397090345621109, 3: 0.15966908633708954, 4: 0.1706303358078003, 5: 0.10382583737373352}",,"['Dope flow carrying the whole track', 'The vibe stayed dope all night', 'The DJ set was absolutely dope, everyone kept dancing nonstop', 'That new track sounds dope live, the crowd went wild instantly', 'This cut made the scene dope']"
dope,100,masked,0,74,0.23387610912322998,2,"{1: 0.0, 2: 0.23387610912322998, 3: 0.15844464302062988, 4: 0.17701613903045654, 5: 0.16944259405136108}",,"['Dope flow carrying the whole track', 'The vibe stayed dope all night', 'The DJ set was absolutely dope, everyone kept dancing nonstop', 'This cut made the scene dope', 'That new track sounds dope live, the crowd went wild instantly']"
dope,100,masked,1,26,0.23387610912322998,2,"{1: 0.0, 2: 0.23387610912322998, 3: 0.15844464302062988, 4: 0.17701613903045654, 5: 0.16944259405136108}",,"['Dope flow but weak lyrics', 'This whole setup is surprisingly dope', 'This remix sounds dope in headphones', 'Dope colors mixed with minimal design', 'That timing was dope for real']"
dope,110,masked,0,84,0.2330649346113205,2,"{1: 0.0, 2: 0.2330649346113205, 3: 0.15636302530765533, 4: 0.1760643869638443, 5: 0.16878704726696014}",,"['Dope flow carrying the whole track', 'The vibe stayed dope all night', 'The DJ set was absolutely dope, everyone kept dancing nonstop', 'Dope vibe in the venue, even before the headliner appeared on stage', 'That new track sounds dope live, the crowd went wild instantly']"
dope,110,masked,1,26,0.2330649346113205,2,"{1: 0.0, 2: 0.2330649346113205, 3: 0.15636302530765533, 4: 0.1760643869638443, 5: 0.16878704726696014}",,"['Dope flow but weak lyrics', 'This whole setup is surprisingly dope', 'This remix sounds dope in headphones', 'Dope colors mixed with minimal design', 'That timing was dope for real']"
dope,120,masked,0,28,0.23344169557094574,2,"{1: 0.0, 2: 0.23344169557094574, 3: 0.1592441350221634, 4: 0.18053556978702545, 5: 0.17314888536930084}",,"['Dope flow but weak lyrics', 'This whole setup is surprisingly dope', 'This remix sounds dope in headphones', 'Dope colors mixed with minimal design', 'That timing was dope for real']"
dope,120,masked,1,92,0.23344169557094574,2,"{1: 0.0, 2: 0.23344169557094574, 3: 0.1592441350221634, 4: 0.18053556978702545, 5: 0.17314888536930084}",,"['Dope flow carrying the whole track', 'The DJ set was absolutely dope, everyone kept dancing nonstop', 'The vibe stayed dope all night', 'Dope vibe in the venue, even before the headliner appeared on stage', 'That new track sounds dope live, the crowd went wild instantly']"
dope,130,masked,0,29,0.2350858747959137,2,"{1: 0.0, 2: 0.2350858747959137, 3: 0.20188170671463013, 4: 0.18464471399784088, 5: 0.17843210697174072}",,"['This whole setup is surprisingly dope', 'Dope flow but weak lyrics', 'Dope choice for an opening track', 'Dope colors mixed with minimal design', 'This remix sounds dope in headphones']"
dope,130,masked,1,101,0.2350858747959137,2,"{1: 0.0, 2: 0.2350858747959137, 3: 0.20188170671463013, 4: 0.18464471399784088, 5: 0.17843210697174072}",,"['Dope flow carrying the whole track', 'The DJ set was absolutely dope, everyone kept dancing nonstop', 'Dope atmosphere, perfect balance of excitement and chill vibes in the venue', 'The vibe stayed dope all night', 'That new track sounds dope live, the crowd went wild instantly']"
dope,140,masked,0,111,0.23589298129081726,2,"{1: 0.0, 2: 0.23589298129081726, 3: 0.19888681173324585, 4: 0.18180012702941895, 5: 0.17658516764640808}",,"['Dope flow carrying the whole track', 'Dope crowd engagement, everyone participating and feeling the energy together', 'The DJ set was absolutely dope, everyone kept dancing nonstop', 'The vibe stayed dope all night', 'Dope atmosphere, perfect balance of excitement and chill vibes in the venue']"
dope,140,masked,1,29,0.23589298129081726,2,"{1: 0.0, 2: 0.23589298129081726, 3: 0.19888681173324585, 4: 0.18180012702941895, 5: 0.17658516764640808}",,"['This whole setup is surprisingly dope', 'Dope flow but weak lyrics', 'Dope choice for an opening track', 'Dope colors mixed with minimal design', 'This remix sounds dope in headphones']"
dope,150,masked,0,121,0.23478993773460388,2,"{1: 0.0, 2: 0.23478993773460388, 3: 0.20203647017478943, 4: 0.18294475972652435, 5: 0.17515744268894196}",,"['Dope flow carrying the whole track', 'Dope crowd engagement, everyone participating and feeling the energy together', 'Dope how the energy built gradually and peaked at the perfect moment', 'The DJ set was absolutely dope, everyone kept dancing nonstop', 'Dope atmosphere, perfect balance of excitement and chill vibes in the venue']"
dope,150,masked,1,29,0.23478993773460388,2,"{1: 0.0, 2: 0.23478993773460388, 3: 0.20203647017478943, 4: 0.18294475972652435, 5: 0.17515744268894196}",,"['This whole setup is surprisingly dope', 'Dope flow but weak lyrics', 'Dope choice for an opening track', 'Dope colors mixed with minimal design', 'This remix sounds dope in headphones']"
crazy,5,masked,0,5,0.0,1,"{1: 0.0, 2: 0.07812962681055069, 3: 0.049568139016628265, 4: 0.04144172742962837}",,"['Crazy vibes filled the room after the DJ played the remix', 'The performance got crazy wild, nobody expected such energy tonight', 'That drop felt so crazy, everyone lost control of their feet', 'The crowd went absolutely crazy when the lights dimmed slowly', 'Crazy how the sunset turned the whole skyline into magic']"
crazy,10,masked,0,3,0.2150164097547531,4,"{1: 0.0, 2: 0.19733163714408875, 3: 0.19825804233551025, 4: 0.2150164097547531, 5: 0.20145630836486816}",,"['The crowd went absolutely crazy when the lights dimmed slowly', 'That drop felt so crazy, everyone lost control of their feet', 'Crazy how the sunset turned the whole skyline into magic']"
crazy,10,masked,1,2,0.2150164097547531,4,"{1: 0.0, 2: 0.19733163714408875, 3: 0.19825804233551025, 4: 0.2150164097547531, 5: 0.20145630836486816}",,"['That drop felt so crazy, everyone lost control of their feet', 'The crowd went absolutely crazy when the lights dimmed slowly']"
crazy,10,masked,2,1,0.2150164097547531,4,"{1: 0.0, 2: 0.19733163714408875, 3: 0.19825804233551025, 4: 0.2150164097547531, 5: 0.20145630836486816}",,['The crowd went absolutely crazy when the lights dimmed slowly']
crazy,10,masked,3,4,0.2150164097547531,4,"{1: 0.0, 2: 0.19733163714408875, 3: 0.19825804233551025, 4: 0.2150164097547531, 5: 0.20145630836486816}",,"['That drop felt so crazy, everyone lost control of their feet', 'The performance got crazy wild, nobody expected such energy tonight', 'Crazy how the sunset turned the whole skyline into magic', 'The crowd went absolutely crazy when the lights dimmed slowly']"
crazy,20,masked,0,7,0.27041763067245483,4,"{1: 0.0, 2: 0.2397562563419342, 3: 0.2399628609418869, 4: 0.27041763067245483, 5: 0.2654813230037689}",,"['Crazy how one idea completely changed the mood of the party', 'That drop felt so crazy, everyone lost control of their feet', 'The crowd went absolutely crazy when the lights dimmed slowly', 'It was a crazy moment when everyone sang the lyrics together', 'The performance got crazy wild, nobody expected such energy tonight']"
crazy,20,masked,1,5,0.27041763067245483,4,"{1: 0.0, 2: 0.2397562563419342, 3: 0.2399628609418869, 4: 0.27041763067245483, 5: 0.2654813230037689}",,"['The performance got crazy wild, nobody expected such energy tonight', 'The crowd went absolutely crazy when the lights dimmed slowly', 'Crazy how the sunset turned the whole skyline into magic', 'That drop felt so crazy, everyone lost control of their feet', 'Crazy vibes filled the room after the DJ played the remix']"
crazy,20,masked,2,2,0.27041763067245483,4,"{1: 0.0, 2: 0.2397562563419342, 3: 0.2399628609418869, 4: 0.27041763067245483, 5: 0.2654813230037689}",,"['The crowd went absolutely crazy when the lights dimmed slowly', 'That drop felt so crazy, everyone lost control of their feet']"
crazy,20,masked,3,6,0.27041763067245483,4,"{1: 0.0, 2: 0.2397562563419342, 3: 0.2399628609418869, 4: 0.27041763067245483, 5: 0.2654813230037689}",,"['That drop felt so crazy, everyone lost control of their feet', 'Crazy vibes filled the room after the DJ played the remix', 'The performance got crazy wild, nobody expected such energy tonight', 'It was a crazy moment when everyone sang the lyrics together', 'Crazy how the sunset turned the whole skyline into magic']"
crazy,30,masked,0,11,0.2604239284992218,4,"{1: 0.0, 2: 0.2462247759103775, 3: 0.24913142621517181, 4: 0.2604239284992218, 5: 0.25593888759613037}",,"['The crowd went absolutely crazy when the lights dimmed slowly', 'Crazy how one idea completely changed the mood of the party', 'The festival became crazy intense as the headliner hit the stage', 'That drop felt so crazy, everyone lost control of their feet', 'The performance got crazy wild, nobody expected such energy tonight']"
crazy,30,masked,1,7,0.2604239284992218,4,"{1: 0.0, 2: 0.2462247759103775, 3: 0.24913142621517181, 4: 0.2604239284992218, 5: 0.25593888759613037}",,"['Crazy how the sunset turned the whole skyline into magic', 'The performance got crazy wild, nobody expected such energy tonight', 'The crowd went absolutely crazy when the lights dimmed slowly', 'It was a crazy moment when everyone sang the lyrics together', 'Crazy how one idea completely changed the mood of the party']"
crazy,30,masked,2,10,0.2604239284992218,4,"{1: 0.0, 2: 0.2462247759103775, 3: 0.24913142621517181, 4: 0.2604239284992218, 5: 0.25593888759613037}",,"['That drop felt so crazy, everyone lost control of their feet', 'The festival became crazy intense as the headliner hit the stage', 'Crazy vibes filled the room after the DJ played the remix', 'The performance got crazy wild, nobody expected such energy tonight', 'It was a crazy moment when everyone sang the lyrics together']"
crazy,30,masked,3,2,0.2604239284992218,4,"{1: 0.0, 2: 0.2462247759103775, 3: 0.24913142621517181, 4: 0.2604239284992218, 5: 0.25593888759613037}",,"['The crowd went absolutely crazy when the lights dimmed slowly', 'That drop felt so crazy, everyone lost control of their feet']"
crazy,40,masked,0,10,0.2702774703502655,4,"{1: 0.0, 2: 0.23976781964302063, 3: 0.2521146237850189, 4: 0.2702774703502655, 5: 0.26165080070495605}",,"['The crowd went absolutely crazy when the lights dimmed slowly', 'The performance got crazy wild, nobody expected such energy tonight', 'Crazy how the sunset turned the whole skyline into magic', 'It was a crazy moment when everyone sang the lyrics together', 'Crazy how one idea completely changed the mood of the party']"
crazy,40,masked,1,13,0.2702774703502655,4,"{1: 0.0, 2: 0.23976781964302063, 3: 0.2521146237850189, 4: 0.2702774703502655, 5: 0.26165080070495605}",,"['That drop felt so crazy, everyone lost control of their feet', 'The festival became crazy intense as the headliner hit the stage', 'It was a crazy moment when everyone sang the lyrics together', 'Crazy vibes filled the room after the DJ played the remix', 'The performance got crazy wild, nobody expected such energy tonight']"
crazy,40,masked,2,14,0.2702774703502655,4,"{1: 0.0, 2: 0.23976781964302063, 3: 0.2521146237850189, 4: 0.2702774703502655, 5: 0.26165080070495605}",,"['The crowd went absolutely crazy when the lights dimmed slowly', 'Crazy vibes took over the audience, everyone started moving nonstop', 'Crazy how one idea completely changed the mood of the party', 'That drop felt so crazy, everyone lost control of their feet', 'The festival became crazy intense as the headliner hit the stage']"
crazy,40,masked,3,3,0.2702774703502655,4,"{1: 0.0, 2: 0.23976781964302063, 3: 0.2521146237850189, 4: 0.2702774703502655, 5: 0.26165080070495605}",,"['Crazy how the sunset turned the whole skyline into magic', 'The crowd went absolutely crazy when the lights dimmed slowly', 'That drop felt so crazy, everyone lost control of their feet']"
crazy,50,masked,0,13,0.27501553297042847,4,"{1: 0.0, 2: 0.25322026014328003, 3: 0.26045912504196167, 4: 0.27501553297042847, 5: 0.23168855905532837}",,"['The crowd went absolutely crazy when the lights dimmed slowly', 'The performance got crazy wild, nobody expected such energy tonight', 'The dance floor turned crazy after the unexpected remix dropped', 'Crazy how the sunset turned the whole skyline into magic', 'Crazy how the combination of lights and sound created pure magic']"
crazy,50,masked,1,16,0.27501553297042847,4,"{1: 0.0, 2: 0.25322026014328003, 3: 0.26045912504196167, 4: 0.27501553297042847, 5: 0.23168855905532837}",,"['That drop felt so crazy, everyone lost control of their feet', 'The mix of beats and vocals was crazy hypnotic and powerful', 'The festival became crazy intense as the headliner hit the stage', 'Crazy how the quietest room transformed into a total party zone', 'It was a crazy moment when everyone sang the lyrics together']"
crazy,50,masked,2,3,0.27501553297042847,4,"{1: 0.0, 2: 0.25322026014328003, 3: 0.26045912504196167, 4: 0.27501553297042847, 5: 0.23168855905532837}",,"['Crazy how the sunset turned the whole skyline into magic', 'The crowd went absolutely crazy when the lights dimmed slowly', 'That drop felt so crazy, everyone lost control of their feet']"
crazy,50,masked,3,18,0.27501553297042847,4,"{1: 0.0, 2: 0.25322026014328003, 3: 0.26045912504196167, 4: 0.27501553297042847, 5: 0.23168855905532837}",,"['Crazy vibes took over the audience, everyone started moving nonstop', 'Crazy how the quietest room transformed into a total party zone', 'The crowd went absolutely crazy when the lights dimmed slowly', 'Crazy visuals kept changing, making the experience feel surreal and alive', 'Crazy how one idea completely changed the mood of the party']"
crazy,60,masked,0,17,0.27931565046310425,4,"{1: 0.0, 2: 0.2558329403400421, 3: 0.270878404378891, 4: 0.27931565046310425, 5: 0.272089421749115}",,"['The mix of beats and vocals was crazy hypnotic and powerful', 'The crowd went absolutely crazy when the lights dimmed slowly', 'The dance floor turned crazy after the unexpected remix dropped', 'The performance got crazy wild, nobody expected such energy tonight', 'Crazy how the sunset turned the whole skyline into magic']"
crazy,60,masked,1,23,0.27931565046310425,4,"{1: 0.0, 2: 0.2558329403400421, 3: 0.270878404378891, 4: 0.27931565046310425, 5: 0.272089421749115}",,"['Crazy beats mixed with vocals created an unforgettable emotional rollercoaster', 'The energy during that song was crazy contagious, spreading instantly', 'That ending felt crazy unexpected, leaving everyone cheering loudly', 'The moment got crazy wild as everyone jumped to the chorus', 'The set got crazy intense when the lights started flashing rapidly']"
crazy,60,masked,2,4,0.27931565046310425,4,"{1: 0.0, 2: 0.2558329403400421, 3: 0.270878404378891, 4: 0.27931565046310425, 5: 0.272089421749115}",,"['Crazy how the sunset turned the whole skyline into magic', 'The crowd went absolutely crazy when the lights dimmed slowly', 'The performance got crazy wild, nobody expected such energy tonight', 'That drop felt so crazy, everyone lost control of their feet']"
crazy,60,masked,3,16,0.27931565046310425,4,"{1: 0.0, 2: 0.2558329403400421, 3: 0.270878404378891, 4: 0.27931565046310425, 5: 0.272089421749115}",,"['The festival became crazy intense as the headliner hit the stage', 'That drop felt so crazy, everyone lost control of their feet', 'That ending felt crazy unexpected, leaving everyone cheering loudly', 'Crazy how the quietest room transformed into a total party zone', 'The mix of beats and vocals was crazy hypnotic and powerful']"
crazy,70,masked,0,20,0.28718289732933044,4,"{1: 0.0, 2: 0.2645610570907593, 3: 0.2753262519836426, 4: 0.28718289732933044, 5: 0.24591614305973053}",,"['The mix of beats and vocals was crazy hypnotic and powerful', 'The set got crazy intense when the lights started flashing rapidly', 'The crowd went absolutely crazy when the lights dimmed slowly', 'The dance floor turned crazy after the unexpected remix dropped', 'Crazy how the sunset turned the whole skyline into magic']"
crazy,70,masked,1,27,0.28718289732933044,4,"{1: 0.0, 2: 0.2645610570907593, 3: 0.2753262519836426, 4: 0.28718289732933044, 5: 0.24591614305973053}",,"['Crazy beats mixed with vocals created an unforgettable emotional rollercoaster', 'The festival stage looked crazy huge with lights and smoke effects', 'The energy during that song was crazy contagious, spreading instantly', 'That ending felt crazy unexpected, leaving everyone cheering loudly', 'The crowd went absolutely crazy when the lights dimmed slowly']"
crazy,70,masked,2,19,0.28718289732933044,4,"{1: 0.0, 2: 0.2645610570907593, 3: 0.2753262519836426, 4: 0.28718289732933044, 5: 0.24591614305973053}",,"['The festival became crazy intense as the headliner hit the stage', 'That drop felt so crazy, everyone lost control of their feet', 'The set got crazy intense when the lights started flashing rapidly', 'That ending felt crazy unexpected, leaving everyone cheering loudly', 'Crazy how the quietest room transformed into a total party zone']"
crazy,70,masked,3,4,0.28718289732933044,4,"{1: 0.0, 2: 0.2645610570907593, 3: 0.2753262519836426, 4: 0.28718289732933044, 5: 0.24591614305973053}",,"['Crazy how the sunset turned the whole skyline into magic', 'The crowd went absolutely crazy when the lights dimmed slowly', 'The performance got crazy wild, nobody expected such energy tonight', 'That drop felt so crazy, everyone lost control of their feet']"
crazy,80,masked,0,23,0.29526054859161377,4,"{1: 0.0, 2: 0.27556052803993225, 3: 0.2856472134590149, 4: 0.29526054859161377, 5: 0.24524009227752686}",,"['The mix of beats and vocals was crazy hypnotic and powerful', 'The set got crazy intense when the lights started flashing rapidly', 'Crazy energy rushed through the venue when the crowd screamed together', 'The crowd went absolutely crazy when the lights dimmed slowly', 'The moment got crazy wild as everyone jumped to the chorus']"
crazy,80,masked,1,32,0.29526054859161377,4,"{1: 0.0, 2: 0.27556052803993225, 3: 0.2856472134590149, 4: 0.29526054859161377, 5: 0.24524009227752686}",,"['Crazy how quickly the mood shifted when the beat changed suddenly', 'Crazy beats mixed with vocals created an unforgettable emotional rollercoaster', 'The festival stage looked crazy huge with lights and smoke effects', 'The moment got crazy wild as everyone jumped to the chorus', 'The energy during that song was crazy contagious, spreading instantly']"
crazy,80,masked,2,21,0.29526054859161377,4,"{1: 0.0, 2: 0.27556052803993225, 3: 0.2856472134590149, 4: 0.29526054859161377, 5: 0.24524009227752686}",,"['Crazy beats mixed with vocals created an unforgettable emotional rollercoaster', 'Crazy how the audience reacted as if the music hit their soul', 'The festival became crazy intense as the headliner hit the stage', 'That drop felt so crazy, everyone lost control of their feet', 'That ending felt crazy unexpected, leaving everyone cheering loudly']"
crazy,80,masked,3,4,0.29526054859161377,4,"{1: 0.0, 2: 0.27556052803993225, 3: 0.2856472134590149, 4: 0.29526054859161377, 5: 0.24524009227752686}",,"['Crazy how the sunset turned the whole skyline into magic', 'The crowd went absolutely crazy when the lights dimmed slowly', 'The performance got crazy wild, nobody expected such energy tonight', 'That drop felt so crazy, everyone lost control of their feet']"
crazy,90,masked,0,4,0.29344141483306885,4,"{1: 0.0, 2: 0.27431344985961914, 3: 0.28543418645858765, 4: 0.29344141483306885, 5: 0.24654994904994965}",,"['Crazy how the sunset turned the whole skyline into magic', 'The crowd went absolutely crazy when the lights dimmed slowly', 'The performance got crazy wild, nobody expected such energy tonight', 'That drop felt so crazy, everyone lost control of their feet']"
crazy,90,masked,1,25,0.29344141483306885,4,"{1: 0.0, 2: 0.27431344985961914, 3: 0.28543418645858765, 4: 0.29344141483306885, 5: 0.24654994904994965}",,"['The mix of beats and vocals was crazy hypnotic and powerful', 'The set got crazy intense when the lights started flashing rapidly', 'That scene looked crazy insane under the neon lights at night', 'Crazy energy rushed through the venue when the crowd screamed together', 'The crowd went absolutely crazy when the lights dimmed slowly']"
crazy,90,masked,2,35,0.29344141483306885,4,"{1: 0.0, 2: 0.27431344985961914, 3: 0.28543418645858765, 4: 0.29344141483306885, 5: 0.24654994904994965}",,"['The energy was crazy high, making it impossible not to move', 'Crazy beats mixed with vocals created an unforgettable emotional rollercoaster', 'Crazy how the audience reacted as if the music hit their soul', 'Crazy how one song could completely electrify the entire audience', 'Crazy how the quietest room transformed into a total party zone']"
crazy,90,masked,3,26,0.29344141483306885,4,"{1: 0.0, 2: 0.27431344985961914, 3: 0.28543418645858765, 4: 0.29344141483306885, 5: 0.24654994904994965}",,"['The festival stage looked crazy huge with lights and smoke effects', 'The moment got crazy wild as everyone jumped to the chorus', 'The festival became crazy intense as the headliner hit the stage', 'Crazy energy rushed through the venue when the crowd screamed together', 'Crazy how the audience reacted as if the music hit their soul']"
crazy,100,masked,0,4,0.28769516944885254,4,"{1: 0.0, 2: 0.2786332368850708, 3: 0.28338539600372314, 4: 0.28769516944885254, 5: 0.2701224386692047}",,"['Crazy how the sunset turned the whole skyline into magic', 'The crowd went absolutely crazy when the lights dimmed slowly', 'The performance got crazy wild, nobody expected such energy tonight', 'That drop felt so crazy, everyone lost control of their feet']"
crazy,100,masked,1,29,0.28769516944885254,4,"{1: 0.0, 2: 0.2786332368850708, 3: 0.28338539600372314, 4: 0.28769516944885254, 5: 0.2701224386692047}",,"['The mix of beats and vocals was crazy hypnotic and powerful', 'The set got crazy intense when the lights started flashing rapidly', 'That scene looked crazy insane under the neon lights at night', 'Crazy energy rushed through the venue when the crowd screamed together', 'The crowd went absolutely crazy when the lights dimmed slowly']"
crazy,100,masked,2,43,0.28769516944885254,4,"{1: 0.0, 2: 0.2786332368850708, 3: 0.28338539600372314, 4: 0.28769516944885254, 5: 0.2701224386692047}",,"['The lights changed in a crazy fast pattern during the finale', 'That performance looked crazy flawless, every move synchronized perfectly', 'Crazy energy rushed through the venue when the crowd screamed together', 'The moment got crazy wild as everyone jumped to the chorus', 'Crazy visuals kept changing, making the experience feel surreal and alive']"
crazy,100,masked,3,24,0.28769516944885254,4,"{1: 0.0, 2: 0.2786332368850708, 3: 0.28338539600372314, 4: 0.28769516944885254, 5: 0.2701224386692047}",,"['Crazy energy rushed through the venue when the crowd screamed together', 'The festival became crazy intense as the headliner hit the stage', 'Crazy how the audience reacted as if the music hit their soul', 'Crazy beats mixed with vocals created an unforgettable emotional rollercoaster', 'Crazy visuals kept changing, making the experience feel surreal and alive']"
crazy,110,masked,0,14,0.27564898133277893,5,"{1: 0.0, 2: 0.2622273564338684, 3: 0.2676539719104767, 4: 0.27386796474456787, 5: 0.27564898133277893}",,"['Crazy how one idea completely changed the mood of the party', 'Crazy energy flowed through the crowd, keeping everyone on their toes', 'The festival became crazy intense as the headliner hit the stage', 'Crazy how the sunset turned the whole skyline into magic', 'Crazy vibes filled the room after the DJ played the remix']"
crazy,110,masked,1,31,0.27564898133277893,5,"{1: 0.0, 2: 0.2622273564338684, 3: 0.2676539719104767, 4: 0.27386796474456787, 5: 0.27564898133277893}",,"['The mix of beats and vocals was crazy hypnotic and powerful', 'The set got crazy intense when the lights started flashing rapidly', 'That scene looked crazy insane under the neon lights at night', 'The crowd went absolutely crazy when the lights dimmed slowly', 'Crazy energy rushed through the venue when the crowd screamed together']"
crazy,110,masked,2,38,0.27564898133277893,5,"{1: 0.0, 2: 0.2622273564338684, 3: 0.2676539719104767, 4: 0.27386796474456787, 5: 0.27564898133277893}",,"['Crazy sound design made the experience unforgettable for everyone present', 'Crazy moments happened when the unexpected drop hit at midnight', 'Crazy beats mixed with vocals created an unforgettable emotional rollercoaster', 'Crazy how the audience reacted as if the music hit their soul', 'Crazy how the quietest room transformed into a total party zone']"
crazy,110,masked,3,23,0.27564898133277893,5,"{1: 0.0, 2: 0.2622273564338684, 3: 0.2676539719104767, 4: 0.27386796474456787, 5: 0.27564898133277893}",,"['It was a crazy moment when everyone sang the lyrics together', 'The set got crazy intense when the lights started flashing rapidly', 'That ending felt crazy unexpected, leaving everyone cheering loudly', 'The energy during that song was crazy contagious, spreading instantly', 'The visuals went crazy amazing, making the show feel unforgettable']"
crazy,110,masked,4,4,0.27564898133277893,5,"{1: 0.0, 2: 0.2622273564338684, 3: 0.2676539719104767, 4: 0.27386796474456787, 5: 0.27564898133277893}",,"['Crazy how the sunset turned the whole skyline into magic', 'The crowd went absolutely crazy when the lights dimmed slowly', 'The performance got crazy wild, nobody expected such energy tonight', 'That drop felt so crazy, everyone lost control of their feet']"
crazy,120,masked,0,42,0.2720712721347809,5,"{1: 0.0, 2: 0.23945672810077667, 3: 0.24994556605815887, 4: 0.26412662863731384, 5: 0.2720712721347809}",,"['The performance was crazy impressive, leaving everyone in awe instantly', 'Crazy how quickly the mood shifted when the beat changed suddenly', 'The moment got crazy wild as everyone jumped to the chorus', 'Crazy beats mixed with vocals created an unforgettable emotional rollercoaster', 'The energy during that song was crazy contagious, spreading instantly']"
crazy,120,masked,1,32,0.2720712721347809,5,"{1: 0.0, 2: 0.23945672810077667, 3: 0.24994556605815887, 4: 0.26412662863731384, 5: 0.2720712721347809}",,"['The mix of beats and vocals was crazy hypnotic and powerful', 'The set got crazy intense when the lights started flashing rapidly', 'That scene looked crazy insane under the neon lights at night', 'The crowd went absolutely crazy when the lights dimmed slowly', 'Crazy energy rushed through the venue when the crowd screamed together']"
crazy,120,masked,2,38,0.2720712721347809,5,"{1: 0.0, 2: 0.23945672810077667, 3: 0.24994556605815887, 4: 0.26412662863731384, 5: 0.2720712721347809}",,"['Crazy how one song could completely electrify the entire audience', 'Crazy how the audience reacted as if the music hit their soul', 'That drop felt so crazy, everyone lost control of their feet', 'That ending felt crazy unexpected, leaving everyone cheering loudly', 'The festival became crazy intense as the headliner hit the stage']"
crazy,120,masked,3,4,0.2720712721347809,5,"{1: 0.0, 2: 0.23945672810077667, 3: 0.24994556605815887, 4: 0.26412662863731384, 5: 0.2720712721347809}",,"['Crazy how the sunset turned the whole skyline into magic', 'The crowd went absolutely crazy when the lights dimmed slowly', 'The performance got crazy wild, nobody expected such energy tonight', 'That drop felt so crazy, everyone lost control of their feet']"
crazy,120,masked,4,4,0.2720712721347809,5,"{1: 0.0, 2: 0.23945672810077667, 3: 0.24994556605815887, 4: 0.26412662863731384, 5: 0.2720712721347809}",,"['The crowd went absolutely crazy when the lights dimmed slowly', 'Crazy how the sunset turned the whole skyline into magic', 'That drop felt so crazy, everyone lost control of their feet', 'The performance got crazy wild, nobody expected such energy tonight']"
crazy,130,masked,0,43,0.25393640995025635,4,"{1: 0.0, 2: 0.23067429661750793, 3: 0.24161453545093536, 4: 0.25393640995025635, 5: 0.2530055344104767}",,"['The energy was crazy high, making it impossible not to move', 'That drop created a crazy wave of energy through the audience', 'Crazy how the audience reacted as if the music hit their soul', 'Crazy beats mixed with vocals created an unforgettable emotional rollercoaster', 'Crazy how the quietest room transformed into a total party zone']"
crazy,130,masked,1,33,0.25393640995025635,4,"{1: 0.0, 2: 0.23067429661750793, 3: 0.24161453545093536, 4: 0.25393640995025635, 5: 0.2530055344104767}",,"['The mix of beats and vocals was crazy hypnotic and powerful', 'The set got crazy intense when the lights started flashing rapidly', 'That scene looked crazy insane under the neon lights at night', 'The crowd went absolutely crazy when the lights dimmed slowly', 'Crazy energy rushed through the venue when the crowd screamed together']"
crazy,130,masked,2,49,0.25393640995025635,4,"{1: 0.0, 2: 0.23067429661750793, 3: 0.24161453545093536, 4: 0.25393640995025635, 5: 0.2530055344104767}",,"['The energy was crazy high, making it impossible not to move', 'Crazy how the sunset turned the whole skyline into magic', 'Crazy how one song could completely electrify the entire audience', 'The visuals went crazy amazing, making the show feel unforgettable', 'The festival stage looked crazy huge with lights and smoke effects']"
crazy,130,masked,3,5,0.25393640995025635,4,"{1: 0.0, 2: 0.23067429661750793, 3: 0.24161453545093536, 4: 0.25393640995025635, 5: 0.2530055344104767}",,"['The crowd went absolutely crazy when the lights dimmed slowly', 'Crazy how the sunset turned the whole skyline into magic', 'That drop felt so crazy, everyone lost control of their feet', 'Crazy vibes filled the room after the DJ played the remix', 'The performance got crazy wild, nobody expected such energy tonight']"
crazy,140,masked,0,48,0.2521306574344635,4,"{1: 0.0, 2: 0.22373300790786743, 3: 0.23579859733581543, 4: 0.2521306574344635, 5: 0.24814572930335999}",,"['Crazy how quickly the mood shifted when the beat changed suddenly', 'Crazy beats mixed with vocals created an unforgettable emotional rollercoaster', 'The performance was crazy impressive, leaving everyone in awe instantly', 'The moment got crazy wild as everyone jumped to the chorus', 'Crazy how the energy kept building until the very last song']"
crazy,140,masked,1,51,0.2521306574344635,4,"{1: 0.0, 2: 0.22373300790786743, 3: 0.23579859733581543, 4: 0.2521306574344635, 5: 0.24814572930335999}",,"['Crazy moments happened when the unexpected drop hit at midnight', 'Crazy how one unexpected moment completely changed the energy vibe', 'Crazy how the sunset turned the whole skyline into magic', 'The whole room went crazy when the DJ started the remix', 'The visuals went crazy amazing, making the show feel unforgettable']"
crazy,140,masked,2,6,0.2521306574344635,4,"{1: 0.0, 2: 0.22373300790786743, 3: 0.23579859733581543, 4: 0.2521306574344635, 5: 0.24814572930335999}",,"['The crowd went absolutely crazy when the lights dimmed slowly', 'That drop felt so crazy, everyone lost control of their feet', 'Crazy how the sunset turned the whole skyline into magic', 'It was a crazy moment when everyone sang the lyrics together', 'Crazy vibes filled the room after the DJ played the remix']"
crazy,140,masked,3,35,0.2521306574344635,4,"{1: 0.0, 2: 0.22373300790786743, 3: 0.23579859733581543, 4: 0.2521306574344635, 5: 0.24814572930335999}",,"['The mix of beats and vocals was crazy hypnotic and powerful', 'That scene looked crazy insane under the neon lights at night', 'The set got crazy intense when the lights started flashing rapidly', 'The crowd went absolutely crazy when the lights dimmed slowly', 'The dance floor turned crazy after the unexpected remix dropped']"
crazy,150,masked,0,15,0.24750269949436188,5,"{1: 0.0, 2: 0.21939580142498016, 3: 0.23168474435806274, 4: 0.2452036589384079, 5: 0.24750269949436188}",,"['Crazy vibes took over the audience, everyone started moving nonstop', 'The dance floor turned crazy after the unexpected remix dropped', 'The crowd went absolutely crazy when the lights dimmed slowly', 'Crazy how the sunset turned the whole skyline into magic', 'The festival became crazy intense as the headliner hit the stage']"
crazy,150,masked,1,39,0.24750269949436188,5,"{1: 0.0, 2: 0.21939580142498016, 3: 0.23168474435806274, 4: 0.2452036589384079, 5: 0.24750269949436188}",,"['The moment got crazy wild as everyone jumped to the chorus', 'The energy during that song was crazy contagious, spreading instantly', ""Crazy how the crowd's excitement was almost tangible in the air"", 'The dance floor turned crazy after the unexpected remix dropped', 'Crazy how one idea completely changed the mood of the party']"
crazy,150,masked,2,38,0.24750269949436188,5,"{1: 0.0, 2: 0.21939580142498016, 3: 0.23168474435806274, 4: 0.2452036589384079, 5: 0.24750269949436188}",,"['The mix of beats and vocals was crazy hypnotic and powerful', 'That scene looked crazy insane under the neon lights at night', 'The crowd went absolutely crazy when the lights dimmed slowly', 'The dance floor turned crazy after the unexpected remix dropped', 'The set got crazy intense when the lights started flashing rapidly']"
crazy,150,masked,3,52,0.24750269949436188,5,"{1: 0.0, 2: 0.21939580142498016, 3: 0.23168474435806274, 4: 0.2452036589384079, 5: 0.24750269949436188}",,"['Crazy how the audience stayed engaged even during slow songs', 'That performance looked crazy flawless, every move synchronized perfectly', 'The moment got crazy wild as everyone jumped to the chorus', 'The lights changed in a crazy fast pattern during the finale', 'Crazy energy rushed through the venue when the crowd screamed together']"
crazy,150,masked,4,6,0.24750269949436188,5,"{1: 0.0, 2: 0.21939580142498016, 3: 0.23168474435806274, 4: 0.2452036589384079, 5: 0.24750269949436188}",,"['The crowd went absolutely crazy when the lights dimmed slowly', 'That drop felt so crazy, everyone lost control of their feet', 'Crazy how the sunset turned the whole skyline into magic', 'It was a crazy moment when everyone sang the lyrics together', 'Crazy vibes filled the room after the DJ played the remix']"
slay,5,masked,0,2,0.27846163511276245,2,"{1: 0.0, 2: 0.27846163511276245, 3: 0.1746610850095749, 4: 0.13786859810352325}",,"['She absolutely slay tonight', 'That outfit really slay']"
slay,5,masked,1,3,0.27846163511276245,2,"{1: 0.0, 2: 0.27846163511276245, 3: 0.1746610850095749, 4: 0.13786859810352325}",,"['She absolutely slay tonight', 'That outfit really slay', 'They slay every single performance']"
slay,10,masked,0,3,0.23004277050495148,2,"{1: 0.0, 2: 0.23004277050495148, 3: 0.16311641037464142, 4: 0.14125916361808777, 5: 0.1256381720304489}",,"['She absolutely slay tonight', 'That outfit really slay', 'They slay every single performance']"
slay,10,masked,1,7,0.23004277050495148,2,"{1: 0.0, 2: 0.23004277050495148, 3: 0.16311641037464142, 4: 0.14125916361808777, 5: 0.1256381720304489}",,"['He slay the stage without trying', 'She absolutely slay tonight', 'That outfit really slay', 'That makeup slay so hard', 'She came to slay, no doubt']"
slay,20,masked,0,13,0.255021870136261,2,"{1: 0.0, 2: 0.255021870136261, 3: 0.15821391344070435, 4: 0.17347201704978943, 5: 0.17116811871528625}",,"['He slay the stage without trying', 'They really slay in that scene', 'She absolutely slay tonight', 'She slay every time honestly', 'He slay without saying a word']"
slay,20,masked,1,7,0.255021870136261,2,"{1: 0.0, 2: 0.255021870136261, 3: 0.15821391344070435, 4: 0.17347201704978943, 5: 0.17116811871528625}",,"['He slay the stage without trying', 'She absolutely slay tonight', 'This look just slay', 'That outfit really slay', 'They slay every single performance']"
slay,30,masked,0,11,0.27583047747612,2,"{1: 0.0, 2: 0.27583047747612, 3: 0.18689598143100739, 4: 0.11293864250183105, 5: 0.12515388429164886}",,"['He slay the stage without trying', 'This fit was made to slay', 'They really slay in that scene', 'She absolutely slay tonight', 'This look just slay']"
slay,30,masked,1,19,0.27583047747612,2,"{1: 0.0, 2: 0.27583047747612, 3: 0.18689598143100739, 4: 0.11293864250183105, 5: 0.12515388429164886}",,"['He slay the stage without trying', 'They really slay in that scene', 'That energy just slay', 'She slay every time honestly', 'She absolutely slay tonight']"
slay,40,masked,0,25,0.2891141474246979,2,"{1: 0.0, 2: 0.2891141474246979, 3: 0.21777625381946564, 4: 0.1550256907939911, 5: 0.1482834368944168}",,"['He really slay in this role', 'He slay the stage without trying', 'They really slay in that scene', 'She slay from start to finish', 'That energy just slay']"
slay,40,masked,1,15,0.2891141474246979,2,"{1: 0.0, 2: 0.2891141474246979, 3: 0.21777625381946564, 4: 0.1550256907939911, 5: 0.1482834368944168}",,"['He slay the stage without trying', 'This performance continues to slay', 'They really slay in that scene', 'This fit was made to slay', 'That walk absolutely slay']"
slay,50,masked,0,19,0.2982957363128662,2,"{1: 0.0, 2: 0.2982957363128662, 3: 0.19426284730434418, 4: 0.13213935494422913, 5: 0.1267739236354828}",,"['He slay the stage without trying', 'This performance continues to slay', 'This fit was made to slay', 'They really slay in that scene', 'That walk absolutely slay']"
slay,50,masked,1,31,0.2982957363128662,2,"{1: 0.0, 2: 0.2982957363128662, 3: 0.19426284730434418, 4: 0.13213935494422913, 5: 0.1267739236354828}",,"['That confidence really slay', 'He really slay in this role', 'He slay the stage without trying', 'They really slay in that scene', 'She slay from start to finish']"
slay,60,masked,0,38,0.2892323434352875,2,"{1: 0.0, 2: 0.2892323434352875, 3: 0.18103104829788208, 4: 0.12885284423828125, 5: 0.1270962655544281}",,"['That confidence really slay', 'He really slay in this role', 'He slay the stage without trying', 'They really slay in that scene', 'She slay from start to finish']"
slay,60,masked,1,22,0.2892323434352875,2,"{1: 0.0, 2: 0.2892323434352875, 3: 0.18103104829788208, 4: 0.12885284423828125, 5: 0.1270962655544281}",,"['He slay the stage without trying', 'This performance continues to slay', 'That walk absolutely slay', 'This fit was made to slay', 'They really slay in that scene']"
slay,70,masked,0,48,0.27606338262557983,2,"{1: 0.0, 2: 0.27606338262557983, 3: 0.16610458493232727, 4: 0.11424484848976135, 5: 0.11454039812088013}",,"['He really slay in this role', 'That confidence really slay', 'They really slay in that scene', 'He slay the final scene', 'He slay the stage without trying']"
slay,70,masked,1,22,0.27606338262557983,2,"{1: 0.0, 2: 0.27606338262557983, 3: 0.16610458493232727, 4: 0.11424484848976135, 5: 0.11454039812088013}",,"['He slay the stage without trying', 'This performance continues to slay', 'That walk absolutely slay', 'This fit was made to slay', 'They really slay in that scene']"
slay,80,masked,0,22,0.2649773359298706,2,"{1: 0.0, 2: 0.2649773359298706, 3: 0.1534389704465866, 4: 0.1518668234348297, 5: 0.11238217353820801}",,"['He slay the stage without trying', 'This performance continues to slay', 'That walk absolutely slay', 'This fit was made to slay', 'They really slay in that scene']"
slay,80,masked,1,58,0.2649773359298706,2,"{1: 0.0, 2: 0.2649773359298706, 3: 0.1534389704465866, 4: 0.1518668234348297, 5: 0.11238217353820801}",,"['He really slay in this role', 'That confidence really slay', 'He slay the final scene', 'They really slay in that scene', 'He slay every beat']"
slay,90,masked,0,68,0.25715991854667664,2,"{1: 0.0, 2: 0.25715991854667664, 3: 0.14718903601169586, 4: 0.14404675364494324, 5: 0.10646975785493851}",,"['He really slay in this role', 'He slay the final scene', 'He slay every beat', 'That confidence really slay', 'This whole vibe slay']"
slay,90,masked,1,22,0.25715991854667664,2,"{1: 0.0, 2: 0.25715991854667664, 3: 0.14718903601169586, 4: 0.14404675364494324, 5: 0.10646975785493851}",,"['He slay the stage without trying', 'This performance continues to slay', 'That walk absolutely slay', 'This fit was made to slay', 'They really slay in that scene']"
slay,100,masked,0,22,0.2575903534889221,2,"{1: 0.0, 2: 0.2575903534889221, 3: 0.1420874148607254, 4: 0.14041569828987122, 5: 0.1363978236913681}",,"['He slay the stage without trying', 'This performance continues to slay', 'That walk absolutely slay', 'This fit was made to slay', 'They really slay in that scene']"
slay,100,masked,1,78,0.2575903534889221,2,"{1: 0.0, 2: 0.2575903534889221, 3: 0.1420874148607254, 4: 0.14041569828987122, 5: 0.1363978236913681}",,"['They slay every role they take on in this theater production', 'He really slay in this role', 'They slay the whole concept', 'He slay every beat', 'He slay the final scene']"
slay,110,masked,0,22,0.25791269540786743,2,"{1: 0.0, 2: 0.25791269540786743, 3: 0.13680608570575714, 4: 0.12500494718551636, 5: 0.12631644308567047}",,"['He slay the stage without trying', 'This performance continues to slay', 'That walk absolutely slay', 'This fit was made to slay', 'They really slay in that scene']"
slay,110,masked,1,88,0.25791269540786743,2,"{1: 0.0, 2: 0.25791269540786743, 3: 0.13680608570575714, 4: 0.12500494718551636, 5: 0.12631644308567047}",,"['They slay every role they take on in this theater production', 'They slay the whole concept', 'They slay without trying too hard', 'He slay every beat', 'This whole vibe slay']"
slay,120,masked,0,22,0.2559795379638672,2,"{1: 0.0, 2: 0.2559795379638672, 3: 0.13049648702144623, 4: 0.13044728338718414, 5: 0.1311553716659546}",,"['He slay the stage without trying', 'This performance continues to slay', 'That walk absolutely slay', 'This fit was made to slay', 'They really slay in that scene']"
slay,120,masked,1,98,0.2559795379638672,2,"{1: 0.0, 2: 0.2559795379638672, 3: 0.13049648702144623, 4: 0.13044728338718414, 5: 0.1311553716659546}",,"['They slay every role they take on in this theater production', 'They slay the whole concept', 'They slay without trying too hard', 'She slay every hairstyle she tries, making it look effortlessly perfect', 'This whole vibe slay']"
slay,130,masked,0,22,0.2614375054836273,2,"{1: 0.0, 2: 0.2614375054836273, 3: 0.1323237121105194, 4: 0.11781620234251022, 5: 0.11838852614164352}",,"['He slay the stage without trying', 'This performance continues to slay', 'That walk absolutely slay', 'This fit was made to slay', 'They really slay in that scene']"
slay,130,masked,1,108,0.2614375054836273,2,"{1: 0.0, 2: 0.2614375054836273, 3: 0.1323237121105194, 4: 0.11781620234251022, 5: 0.11838852614164352}",,"['They slay every role they take on in this theater production', 'She slay the art of social media effortlessly, gaining followers daily', 'They slay the whole concept', 'Their design choices slay the competition, leaving no room for second place', 'He slay every presentation at work and impresses all the clients consistently']"
slay,140,masked,0,22,0.2639019787311554,2,"{1: 0.0, 2: 0.2639019787311554, 3: 0.13129718601703644, 4: 0.12410533428192139, 5: 0.11699102818965912}",,"['He slay the stage without trying', 'This performance continues to slay', 'That walk absolutely slay', 'This fit was made to slay', 'They really slay in that scene']"
slay,140,masked,1,118,0.2639019787311554,2,"{1: 0.0, 2: 0.2639019787311554, 3: 0.13129718601703644, 4: 0.12410533428192139, 5: 0.11699102818965912}",,"['They slay every role they take on in this theater production', 'They slay the whole concept', 'She slay the art of social media effortlessly, gaining followers daily', 'Their design choices slay the competition, leaving no room for second place', 'He slay every presentation at work and impresses all the clients consistently']"
slay,150,masked,0,128,0.2682749032974243,2,"{1: 0.0, 2: 0.2682749032974243, 3: 0.13227355480194092, 4: 0.12558594346046448, 5: 0.12220565974712372}",,"['They slay every role they take on in this theater production', 'He slay every role in the play, making each character memorable and authentic', 'They slay the whole concept', 'She slay the art of social media effortlessly, gaining followers daily', 'She slay the leadership role with grace, confidence, and strategic decision-making skills']"
slay,150,masked,1,22,0.2682749032974243,2,"{1: 0.0, 2: 0.2682749032974243, 3: 0.13227355480194092, 4: 0.12558594346046448, 5: 0.12220565974712372}",,"['He slay the stage without trying', 'This performance continues to slay', 'That walk absolutely slay', 'This fit was made to slay', 'They really slay in that scene']"
flex,5,masked,0,2,0.1445738971233368,2,"{1: 0.0, 2: 0.1445738971233368, 3: 0.09413456916809082}",,"['This casual flex shows how much progress I’ve made recently', 'Not to flex but I finally finished that huge project']"
flex,5,masked,1,2,0.1445738971233368,2,"{1: 0.0, 2: 0.1445738971233368, 3: 0.09413456916809082}",,"['Not to flex but I finally finished that huge project', 'This casual flex shows how much progress I’ve made recently']"
flex,10,masked,0,7,0.16499648988246918,2,"{1: 0.0, 2: 0.16499648988246918, 3: 0.06569167971611023, 4: 0.09153717756271362, 5: 0.046863459050655365}",,"['Just a soft flex showing off my new camera skills', 'Not a flex, just proud of completing this challenging workout', 'Not to flex but I finally finished that huge project', 'Subtle flex here but my garden is finally thriving beautifully', 'Accidental flex but the coffee art turned out perfect today']"
flex,10,masked,1,1,0.16499648988246918,2,"{1: 0.0, 2: 0.16499648988246918, 3: 0.06569167971611023, 4: 0.09153717756271362, 5: 0.046863459050655365}",,['Not to flex but I finally finished that huge project']
flex,20,masked,0,7,0.11271516978740692,5,"{1: 0.0, 2: 0.08988437056541443, 3: 0.10881504416465759, 4: 0.10541565716266632, 5: 0.11271516978740692}",,"['Just a soft flex showing off my new camera skills', 'Not to flex but I finally finished that huge project', 'Not a flex, just proud of completing this challenging workout', 'Tiny flex but I managed to stick to my morning routine', 'Accidental flex but the coffee art turned out perfect today']"
flex,20,masked,1,2,0.11271516978740692,5,"{1: 0.0, 2: 0.08988437056541443, 3: 0.10881504416465759, 4: 0.10541565716266632, 5: 0.11271516978740692}",,"['Not to flex but I finally finished that huge project', 'This casual flex shows how much progress I’ve made recently']"
flex,20,masked,2,2,0.11271516978740692,5,"{1: 0.0, 2: 0.08988437056541443, 3: 0.10881504416465759, 4: 0.10541565716266632, 5: 0.11271516978740692}",,"['This casual flex shows how much progress I’ve made recently', 'Not to flex but I finally finished that huge project']"
flex,20,masked,3,2,0.11271516978740692,5,"{1: 0.0, 2: 0.08988437056541443, 3: 0.10881504416465759, 4: 0.10541565716266632, 5: 0.11271516978740692}",,"['This casual flex shows how much progress I’ve made recently', 'Not to flex but I finally finished that huge project']"
flex,20,masked,4,3,0.11271516978740692,5,"{1: 0.0, 2: 0.08988437056541443, 3: 0.10881504416465759, 4: 0.10541565716266632, 5: 0.11271516978740692}",,"['This casual flex shows how much progress I’ve made recently', 'Tiny flex but I managed to stick to my morning routine', 'Not to flex but I finally finished that huge project']"
flex,30,masked,0,3,0.13729074597358704,5,"{1: 0.0, 2: 0.09130259603261948, 3: 0.12974828481674194, 4: 0.10274651646614075, 5: 0.13729074597358704}",,"['Not to flex but I finally finished that huge project', 'Tiny flex but I managed to stick to my morning routine', 'This casual flex shows how much progress I’ve made recently']"
flex,30,masked,1,12,0.13729074597358704,5,"{1: 0.0, 2: 0.09130259603261948, 3: 0.12974828481674194, 4: 0.10274651646614075, 5: 0.13729074597358704}",,"['Just a soft flex showing off my new camera skills', 'Not to flex but I finally finished that huge project', 'Humble flex showing how far my running progress has come', 'Tiny flex but I managed to stick to my morning routine', 'This little flex proves I can stick to a routine consistently']"
flex,30,masked,2,5,0.13729074597358704,5,"{1: 0.0, 2: 0.09130259603261948, 3: 0.12974828481674194, 4: 0.10274651646614075, 5: 0.13729074597358704}",,"['This casual flex shows how much progress I’ve made recently', 'Accidental flex but the coffee art turned out perfect today', 'Tiny flex but I managed to stick to my morning routine', 'Just a soft flex showing off my new camera skills', 'Not to flex but I finally finished that huge project']"
flex,30,masked,3,3,0.13729074597358704,5,"{1: 0.0, 2: 0.09130259603261948, 3: 0.12974828481674194, 4: 0.10274651646614075, 5: 0.13729074597358704}",,"['Tiny flex but I managed to stick to my morning routine', 'This casual flex shows how much progress I’ve made recently', 'Not to flex but I finally finished that huge project']"
flex,30,masked,4,3,0.13729074597358704,5,"{1: 0.0, 2: 0.09130259603261948, 3: 0.12974828481674194, 4: 0.10274651646614075, 5: 0.13729074597358704}",,"['Not to flex but I finally finished that huge project', 'Tiny flex but I managed to stick to my morning routine', 'This casual flex shows how much progress I’ve made recently']"
flex,40,masked,0,6,0.15555500984191895,5,"{1: 0.0, 2: 0.12856537103652954, 3: 0.13268162310123444, 4: 0.13928383588790894, 5: 0.15555500984191895}",,"['Accidental flex but the coffee art turned out perfect today', 'Not to flex but I finally finished that huge project', 'Just a soft flex showing off my new camera skills', 'Not a flex, just proud of completing this challenging workout', 'This casual flex shows how much progress I’ve made recently']"
flex,40,masked,1,16,0.15555500984191895,5,"{1: 0.0, 2: 0.12856537103652954, 3: 0.13268162310123444, 4: 0.13928383588790894, 5: 0.15555500984191895}",,"['Low effort flex but my new playlist is actually fire', 'Okay this is a flex but I organized all my files perfectly', 'Not to flex but I finally finished that huge project', 'This might count as a flex, I finally mastered that recipe', 'Not a flex, but my photography game improved so much lately']"
flex,40,masked,2,6,0.15555500984191895,5,"{1: 0.0, 2: 0.12856537103652954, 3: 0.13268162310123444, 4: 0.13928383588790894, 5: 0.15555500984191895}",,"['Not a flex, just proud of completing this challenging workout', 'This casual flex shows how much progress I’ve made recently', 'Accidental flex but the coffee art turned out perfect today', 'Not to flex but I finally finished that huge project', 'Just a soft flex showing off my new camera skills']"
flex,40,masked,3,3,0.15555500984191895,5,"{1: 0.0, 2: 0.12856537103652954, 3: 0.13268162310123444, 4: 0.13928383588790894, 5: 0.15555500984191895}",,"['Tiny flex but I managed to stick to my morning routine', 'This casual flex shows how much progress I’ve made recently', 'Not to flex but I finally finished that huge project']"
flex,40,masked,4,4,0.15555500984191895,5,"{1: 0.0, 2: 0.12856537103652954, 3: 0.13268162310123444, 4: 0.13928383588790894, 5: 0.15555500984191895}",,"['Tiny flex but I managed to stick to my morning routine', 'Not to flex but I finally finished that huge project', 'Just a soft flex showing off my new camera skills', 'This casual flex shows how much progress I’ve made recently']"
flex,50,masked,0,5,0.1393270641565323,4,"{1: 0.0, 2: 0.10768865793943405, 3: 0.12687267363071442, 4: 0.1393270641565323, 5: 0.13408604264259338}",,"['Just a soft flex showing off my new camera skills', 'This casual flex shows how much progress I’ve made recently', 'Tiny flex but I managed to stick to my morning routine', 'Accidental flex but the coffee art turned out perfect today', 'Not to flex but I finally finished that huge project']"
flex,50,masked,1,24,0.1393270641565323,4,"{1: 0.0, 2: 0.10768865793943405, 3: 0.12687267363071442, 4: 0.1393270641565323, 5: 0.13408604264259338}",,"['Low effort flex but my new playlist is actually fire', 'Not a flex, but my photography game improved so much lately', 'This might count as a flex, I finally mastered that recipe', 'Lowkey flex, I got all my errands done before noon', 'Just a little flex, finally cleaned my entire home in one go']"
flex,50,masked,2,7,0.1393270641565323,4,"{1: 0.0, 2: 0.10768865793943405, 3: 0.12687267363071442, 4: 0.1393270641565323, 5: 0.13408604264259338}",,"['This casual flex shows how much progress I’ve made recently', 'Accidental flex but the coffee art turned out perfect today', 'Subtle flex here but my garden is finally thriving beautifully', 'Not a flex, just proud of completing this challenging workout', 'Not to flex but I finally finished that huge project']"
flex,50,masked,3,9,0.1393270641565323,4,"{1: 0.0, 2: 0.10768865793943405, 3: 0.12687267363071442, 4: 0.1393270641565323, 5: 0.13408604264259338}",,"['Not a flex, just proud of completing this challenging workout', 'Just a quiet flex, but my pet learned a new trick', 'Tiny flex but I managed to stick to my morning routine', 'Subtle flex here but my garden is finally thriving beautifully', 'This casual flex shows how much progress I’ve made recently']"
flex,60,masked,0,11,0.15830302238464355,3,"{1: 0.0, 2: 0.13538697361946106, 3: 0.15830302238464355, 4: 0.12611906230449677, 5: 0.1458197385072708}",,"['Humble flex showing how far my running progress has come', 'Subtle flex here but my garden is finally thriving beautifully', 'Just a soft flex showing off my new camera skills', 'Not trying to flex but my desk setup is peak aesthetic', 'This might count as a flex, I finally mastered that recipe']"
flex,60,masked,1,36,0.15830302238464355,3,"{1: 0.0, 2: 0.13538697361946106, 3: 0.15830302238464355, 4: 0.12611906230449677, 5: 0.1458197385072708}",,"['This counts as a flex, I nailed my presentation without notes', 'Lowkey flex, managed to complete the toughest part of my project', 'Quiet flex moment, my small plants are finally growing beautifully', 'Tiny flex but I successfully cooked a full meal from scratch', 'Not a flex, just proud I finally finished this long book']"
flex,60,masked,2,8,0.15830302238464355,3,"{1: 0.0, 2: 0.13538697361946106, 3: 0.15830302238464355, 4: 0.12611906230449677, 5: 0.1458197385072708}",,"['This casual flex shows how much progress I’ve made recently', 'Just a soft flex showing off my new camera skills', 'Accidental flex but the coffee art turned out perfect today', 'Subtle flex here but my garden is finally thriving beautifully', 'Not a flex, just proud of completing this challenging workout']"
flex,70,masked,0,8,0.15345701575279236,3,"{1: 0.0, 2: 0.14302025735378265, 3: 0.15345701575279236, 4: 0.11626079678535461, 5: 0.13633792102336884}",,"['This casual flex shows how much progress I’ve made recently', 'Just a soft flex showing off my new camera skills', 'Accidental flex but the coffee art turned out perfect today', 'Subtle flex here but my garden is finally thriving beautifully', 'Not a flex, just proud of completing this challenging workout']"
flex,70,masked,1,13,0.15345701575279236,3,"{1: 0.0, 2: 0.14302025735378265, 3: 0.15345701575279236, 4: 0.11626079678535461, 5: 0.13633792102336884}",,"['Just a soft flex showing off my new camera skills', 'Subtle flex here but my garden is finally thriving beautifully', 'Humble flex showing how far my running progress has come', 'This little flex proves I can stick to a routine consistently', 'This might count as a flex, I finally mastered that recipe']"
flex,70,masked,2,44,0.15345701575279236,3,"{1: 0.0, 2: 0.14302025735378265, 3: 0.15345701575279236, 4: 0.11626079678535461, 5: 0.13633792102336884}",,"['This counts as a flex, I nailed my presentation without notes', 'Subtle flex, finally got all my laundry done in one day', 'Lowkey flex, managed to complete the toughest part of my project', 'Tiny flex but I successfully cooked a full meal from scratch', 'Humble flex showing off my desk plant arrangement finally thriving']"
flex,80,masked,0,56,0.14743417501449585,2,"{1: 0.0, 2: 0.14743417501449585, 3: 0.14637582004070282, 4: 0.12156137079000473, 5: 0.13031530380249023}",,"['This counts as a flex, I nailed my presentation without notes', 'Subtle flex, finally mastered a tricky song on guitar today', 'Lowkey flex, managed to complete the toughest part of my project', 'Quiet flex moment, my small plants are finally growing beautifully', 'Tiny flex but I successfully cooked a full meal from scratch']"
flex,80,masked,1,19,0.14743417501449585,2,"{1: 0.0, 2: 0.14743417501449585, 3: 0.14637582004070282, 4: 0.12156137079000473, 5: 0.13031530380249023}",,"['Not a flex, but my photography game improved so much lately', 'This little flex proves I can stick to a routine consistently', 'Not a flex, just proud of completing this challenging workout', 'Tiny flex but I successfully cooked a full meal from scratch', 'Tiny flex but I managed to stick to my morning routine']"
flex,90,masked,0,66,0.15749841928482056,2,"{1: 0.0, 2: 0.15749841928482056, 3: 0.14919444918632507, 4: 0.13462527096271515, 5: 0.1266719102859497}",,"['This counts as a flex, I nailed my presentation without notes', 'Subtle flex, finally mastered a tricky song on guitar today', 'Lowkey flex, managed to complete the toughest part of my project', 'Just a soft flex, finally nailed that complex recipe perfectly', 'Humble flex, successfully followed a full meditation plan for a week']"
flex,90,masked,1,19,0.15749841928482056,2,"{1: 0.0, 2: 0.15749841928482056, 3: 0.14919444918632507, 4: 0.13462527096271515, 5: 0.1266719102859497}",,"['Not a flex, but my photography game improved so much lately', 'This little flex proves I can stick to a routine consistently', 'Not a flex, just proud of completing this challenging workout', 'Tiny flex but I successfully cooked a full meal from scratch', 'Tiny flex but I managed to stick to my morning routine']"
flex,100,masked,0,12,0.13964952528476715,5,"{1: 0.0, 2: 0.13453805446624756, 3: 0.09009227901697159, 4: 0.10367235541343689, 5: 0.13964952528476715}",,"['This little flex proves I can stick to a routine consistently', 'Accidental flex but the coffee art turned out perfect today', 'Not a flex, just proud of completing this challenging workout', 'Just a quiet flex, but my pet learned a new trick', 'This might count as a flex, I finally mastered that recipe']"
flex,100,masked,1,42,0.13964952528476715,5,"{1: 0.0, 2: 0.13453805446624756, 3: 0.09009227901697159, 4: 0.10367235541343689, 5: 0.13964952528476715}",,"['Subtle flex, my coffee brewing skills just hit a new level', 'This casual flex shows how much I’ve improved my sketches lately', 'Subtle flex, finally got all my laundry done in one day', 'Small flex moment, managed to finish all tasks before noon', 'Just a little flex, finally cleaned my entire home in one go']"
flex,100,masked,2,21,0.13964952528476715,5,"{1: 0.0, 2: 0.13453805446624756, 3: 0.09009227901697159, 4: 0.10367235541343689, 5: 0.13964952528476715}",,"['Accidental flex but the coffee art turned out perfect today', 'Not a flex, but my photography game improved so much lately', 'Casual flex moment, finally hit my reading goal for the month', 'Not a flex, just proud of completing this challenging workout', 'Just a soft flex showing off my new camera skills']"
flex,100,masked,3,6,0.13964952528476715,5,"{1: 0.0, 2: 0.13453805446624756, 3: 0.09009227901697159, 4: 0.10367235541343689, 5: 0.13964952528476715}",,"['Tiny flex but I managed to stick to my morning routine', 'Accidental flex but the coffee art turned out perfect today', 'Just a soft flex showing off my new camera skills', 'This casual flex shows how much progress I’ve made recently', 'Not to flex but I finally finished that huge project']"
flex,100,masked,4,14,0.13964952528476715,5,"{1: 0.0, 2: 0.13453805446624756, 3: 0.09009227901697159, 4: 0.10367235541343689, 5: 0.13964952528476715}",,"['Okay this is a flex but I organized all my files perfectly', 'Small flex moment, managed to finish all tasks before noon', 'Not a flex, just proud of completing this challenging workout', 'Tiny flex but I managed to stick to my morning routine', 'This little flex proves I can stick to a routine consistently']"
flex,110,masked,0,32,0.14285051822662354,2,"{1: 0.0, 2: 0.14285051822662354, 3: 0.0967729240655899, 4: 0.12647852301597595, 5: 0.11735673993825912}",,"['This counts as a flex, I nailed my presentation without notes', 'Small flex moment, managed to finish all tasks before noon', 'Tiny flex but I managed to stick to my morning routine', 'Not a flex, just proud of completing this challenging workout', 'This little flex proves I can stick to a routine consistently']"
flex,110,masked,1,72,0.14285051822662354,2,"{1: 0.0, 2: 0.14285051822662354, 3: 0.0967729240655899, 4: 0.12647852301597595, 5: 0.11735673993825912}",,"['Humble flex, successfully followed a full meditation plan for a week', 'Not a flex, but my photography game improved so much lately', 'Tiny flex, completed all my personal goals for the week successfully', 'This casual flex shows how much I’ve improved my sketches lately', 'Humble flex, finally cleaned my entire apartment in one afternoon']"
flex,120,masked,0,79,0.14747530221939087,2,"{1: 0.0, 2: 0.14747530221939087, 3: 0.08040422946214676, 4: 0.08713757991790771, 5: 0.10184355825185776}",,"['Lowkey flex, finally created a visually consistent Instagram feed', 'This counts as a flex, I nailed my presentation without notes', 'Subtle flex, finally mastered a tricky song on guitar today', 'Lowkey flex, managed to complete the toughest part of my project', 'Humble flex, successfully baked my first homemade bread this week']"
flex,120,masked,1,35,0.14747530221939087,2,"{1: 0.0, 2: 0.14747530221939087, 3: 0.08040422946214676, 4: 0.08713757991790771, 5: 0.10184355825185776}",,"['Not a flex, but my photography game improved so much lately', 'This little flex proves I can stick to a routine consistently', 'Not a flex, just proud of completing this challenging workout', 'Tiny flex but I successfully cooked a full meal from scratch', 'Tiny flex but I managed to stick to my morning routine']"
flex,130,masked,0,13,0.18153423070907593,4,"{1: 0.0, 2: 0.1670423299074173, 3: 0.15300756692886353, 4: 0.18153423070907593, 5: 0.1281500607728958}",,"['This casual flex shows how much progress I’ve made recently', 'Just a quiet flex, but my pet learned a new trick', 'Not trying to flex but my desk setup is peak aesthetic', 'Accidental flex but the coffee art turned out perfect today', 'Subtle flex here but my garden is finally thriving beautifully']"
flex,130,masked,1,90,0.18153423070907593,4,"{1: 0.0, 2: 0.1670423299074173, 3: 0.15300756692886353, 4: 0.18153423070907593, 5: 0.1281500607728958}",,"['Humble flex, managed to declutter my digital files perfectly today', 'Humble flex, finally cleaned my entire apartment in one afternoon', 'Subtle flex, my playlist actually helped me stay productive all week', 'Subtle flex, my coffee brewing skills just hit a new level', 'Lowkey flex, finally figured out a complicated editing technique']"
flex,130,masked,2,8,0.18153423070907593,4,"{1: 0.0, 2: 0.1670423299074173, 3: 0.15300756692886353, 4: 0.18153423070907593, 5: 0.1281500607728958}",,"['Not to flex but I finally finished that huge project', 'Tiny flex but I managed to stick to my morning routine', 'Not a flex, just proud of completing this challenging workout', 'This might count as a flex, I finally mastered that recipe', 'Subtle flex here but my garden is finally thriving beautifully']"
flex,130,masked,3,11,0.18153423070907593,4,"{1: 0.0, 2: 0.1670423299074173, 3: 0.15300756692886353, 4: 0.18153423070907593, 5: 0.1281500607728958}",,"['Tiny flex but I managed to stick to my morning routine', 'Just a soft flex showing off my new camera skills', 'This casual flex shows how much progress I’ve made recently', 'Accidental flex but the coffee art turned out perfect today', 'Not trying to flex but my desk setup is peak aesthetic']"
flex,140,masked,0,121,0.2711097300052643,2,"{1: 0.0, 2: 0.2711097300052643, 3: 0.14886026084423065, 4: 0.12243480235338211, 5: 0.13035231828689575}",,"['Lowkey flex, successfully organized my digital workspace without distractions', 'Lowkey flex, kept up with my workout schedule all month', 'Lowkey flex, kept up with my daily workout routine consistently', 'Tiny flex, completed a long-term habit without skipping a day', 'Subtle flex, finally got all my laundry done in one day']"
flex,140,masked,1,10,0.2711097300052643,2,"{1: 0.0, 2: 0.2711097300052643, 3: 0.14886026084423065, 4: 0.12243480235338211, 5: 0.13035231828689575}",,"['Not to flex but I finally finished that huge project', 'Tiny flex but I managed to stick to my morning routine', 'Not a flex, just proud of completing this challenging workout', 'Subtle flex here but my garden is finally thriving beautifully', 'This might count as a flex, I finally mastered that recipe']"
flex,150,masked,0,124,0.2624369263648987,2,"{1: 0.0, 2: 0.2624369263648987, 3: 0.16929101943969727, 4: 0.1548180729150772, 5: 0.1354958564043045}",,"['Lowkey flex, kept up with my workout schedule all month', 'Lowkey flex, successfully organized my digital workspace without distractions', 'Lowkey flex, kept up with my daily workout routine consistently', 'Tiny flex, completed a long-term habit without skipping a day', 'Subtle flex, finally got all my laundry done in one day']"
flex,150,masked,1,14,0.2624369263648987,2,"{1: 0.0, 2: 0.2624369263648987, 3: 0.16929101943969727, 4: 0.1548180729150772, 5: 0.1354958564043045}",,"['This might count as a flex, I finally mastered that recipe', 'Tiny flex but I managed to stick to my morning routine', 'Not a flex, just proud of completing this challenging workout', 'Not to flex but I finally finished that huge project', 'Just a soft flex showing off my new camera skills']"
vibe,5,masked,0,2,0.23369279503822327,3,"{1: 0.0, 2: 0.23000355064868927, 3: 0.23369279503822327, 4: 0.11322853714227676}",,"['The sunset tonight created such a magical and peaceful vibe', 'This cafe gives off a calm and creative vibe all day']"
vibe,5,masked,1,2,0.23369279503822327,3,"{1: 0.0, 2: 0.23000355064868927, 3: 0.23369279503822327, 4: 0.11322853714227676}",,"['This cafe gives off a calm and creative vibe all day', 'The sunset tonight created such a magical and peaceful vibe']"
vibe,5,masked,2,1,0.23369279503822327,3,"{1: 0.0, 2: 0.23000355064868927, 3: 0.23369279503822327, 4: 0.11322853714227676}",,['This cafe gives off a calm and creative vibe all day']
vibe,10,masked,0,7,0.26220130920410156,2,"{1: 0.0, 2: 0.26220130920410156, 3: 0.22300255298614502, 4: 0.21077051758766174, 5: 0.1791260987520218}",,"['This cafe gives off a calm and creative vibe all day', 'I love the late night studying vibe in the library', 'The energy in this studio creates a productive and artistic vibe', 'That conversation completely shifted the positive vibe of the room', 'There’s a nostalgic vibe in this old neighborhood I love']"
vibe,10,masked,1,3,0.26220130920410156,2,"{1: 0.0, 2: 0.26220130920410156, 3: 0.22300255298614502, 4: 0.21077051758766174, 5: 0.1791260987520218}",,"['This cafe gives off a calm and creative vibe all day', 'I love the late night studying vibe in the library', 'The sunset tonight created such a magical and peaceful vibe']"
vibe,20,masked,0,16,0.2552112638950348,2,"{1: 0.0, 2: 0.2552112638950348, 3: 0.13988326489925385, 4: 0.12103062868118286, 5: 0.112845279276371}",,"['This cafe gives off a calm and creative vibe all day', 'There’s a creative collaborative vibe in this art workshop today', 'That small gesture completely lifted the happy vibe in the room', 'That conversation completely shifted the positive vibe of the room', 'The energy in this studio creates a productive and artistic vibe']"
vibe,20,masked,1,4,0.2552112638950348,2,"{1: 0.0, 2: 0.2552112638950348, 3: 0.13988326489925385, 4: 0.12103062868118286, 5: 0.112845279276371}",,"['Walking through this park always brings a relaxing vibe to me', 'This cafe gives off a calm and creative vibe all day', 'I love the late night studying vibe in the library', 'The sunset tonight created such a magical and peaceful vibe']"
vibe,30,masked,0,25,0.25064054131507874,2,"{1: 0.0, 2: 0.25064054131507874, 3: 0.12895022332668304, 4: 0.13078366219997406, 5: 0.11377210170030594}",,"['This cafe gives off a calm and creative vibe all day', 'This street carries a lively and colorful vibe every evening', 'There’s a creative collaborative vibe in this art workshop today', 'There’s a strong energetic vibe during game nights with friends', 'That conversation completely shifted the positive vibe of the room']"
vibe,30,masked,1,5,0.25064054131507874,2,"{1: 0.0, 2: 0.25064054131507874, 3: 0.12895022332668304, 4: 0.13078366219997406, 5: 0.11377210170030594}",,"['The energy in this studio creates a productive and artistic vibe', 'I love the late night studying vibe in the library', 'This cafe gives off a calm and creative vibe all day', 'Walking through this park always brings a relaxing vibe to me', 'The sunset tonight created such a magical and peaceful vibe']"
vibe,40,masked,0,35,0.2534622251987457,2,"{1: 0.0, 2: 0.2534622251987457, 3: 0.09923392534255981, 4: 0.11926569789648056, 5: 0.11542688310146332}",,"['This cafe gives off a calm and creative vibe all day', 'The classroom has a focused vibe that encourages everyone to participate', 'This street carries a lively and colorful vibe every evening', 'There’s a creative collaborative vibe in this art workshop today', 'That small gesture completely lifted the happy vibe in the room']"
vibe,40,masked,1,5,0.2534622251987457,2,"{1: 0.0, 2: 0.2534622251987457, 3: 0.09923392534255981, 4: 0.11926569789648056, 5: 0.11542688310146332}",,"['The energy in this studio creates a productive and artistic vibe', 'I love the late night studying vibe in the library', 'This cafe gives off a calm and creative vibe all day', 'Walking through this park always brings a relaxing vibe to me', 'The sunset tonight created such a magical and peaceful vibe']"
vibe,50,masked,0,43,0.2688450515270233,2,"{1: 0.0, 2: 0.2688450515270233, 3: 0.10584515333175659, 4: 0.11883407831192017, 5: 0.12601207196712494}",,"['This cafe gives off a calm and creative vibe all day', 'The classroom has a focused vibe that encourages everyone to participate', 'This street carries a lively and colorful vibe every evening', 'There’s a creative collaborative vibe in this art workshop today', 'There’s a strong energetic vibe during game nights with friends']"
vibe,50,masked,1,7,0.2688450515270233,2,"{1: 0.0, 2: 0.2688450515270233, 3: 0.10584515333175659, 4: 0.11883407831192017, 5: 0.12601207196712494}",,"['I love the late night studying vibe in the library', 'There’s a nostalgic vibe in this old neighborhood I love', 'The energy in this studio creates a productive and artistic vibe', 'This cafe gives off a calm and creative vibe all day', 'Walking through this park always brings a relaxing vibe to me']"
vibe,60,masked,0,8,0.2645138204097748,2,"{1: 0.0, 2: 0.2645138204097748, 3: 0.13634277880191803, 4: 0.1251278668642044, 5: 0.12450801581144333}",,"['I love the late night studying vibe in the library', 'There’s a nostalgic vibe in this old neighborhood I love', 'The energy in this studio creates a productive and artistic vibe', 'This cafe gives off a calm and creative vibe all day', 'The festival tonight had an exciting and energetic vibe throughout']"
vibe,60,masked,1,52,0.2645138204097748,2,"{1: 0.0, 2: 0.2645138204097748, 3: 0.13634277880191803, 4: 0.1251278668642044, 5: 0.12450801581144333}",,"['This cafe gives off a calm and creative vibe all day', 'The classroom has a focused vibe that encourages everyone to participate', 'This street carries a lively and colorful vibe every evening', 'There’s a creative collaborative vibe in this art workshop today', 'There’s a strong energetic vibe during game nights with friends']"
vibe,70,masked,0,8,0.2642591893672943,2,"{1: 0.0, 2: 0.2642591893672943, 3: 0.0910751074552536, 4: 0.1114637479186058, 5: 0.11787662655115128}",,"['I love the late night studying vibe in the library', 'There’s a nostalgic vibe in this old neighborhood I love', 'The energy in this studio creates a productive and artistic vibe', 'This cafe gives off a calm and creative vibe all day', 'The festival tonight had an exciting and energetic vibe throughout']"
vibe,70,masked,1,62,0.2642591893672943,2,"{1: 0.0, 2: 0.2642591893672943, 3: 0.0910751074552536, 4: 0.1114637479186058, 5: 0.11787662655115128}",,"['This cafe gives off a calm and creative vibe all day', 'The classroom has a focused vibe that encourages everyone to participate', 'The morning sun gives a warm peaceful vibe to the room', 'This street carries a lively and colorful vibe every evening', 'This small cafe creates an intimate cozy vibe for late dinners']"
vibe,80,masked,0,9,0.27855533361434937,2,"{1: 0.0, 2: 0.27855533361434937, 3: 0.1032920628786087, 4: 0.12948131561279297, 5: 0.12046496570110321}",,"['I love the late night studying vibe in the library', 'There’s a nostalgic vibe in this old neighborhood I love', 'The festival tonight had an exciting and energetic vibe throughout', 'The energy in this studio creates a productive and artistic vibe', 'This cafe gives off a calm and creative vibe all day']"
vibe,80,masked,1,71,0.27855533361434937,2,"{1: 0.0, 2: 0.27855533361434937, 3: 0.1032920628786087, 4: 0.12948131561279297, 5: 0.12046496570110321}",,"['This cafe gives off a calm and creative vibe all day', 'That small gesture completely enhanced the friendly welcoming vibe', 'The morning yoga session has a calm mindful vibe that refreshes', 'The classroom has a focused vibe that encourages everyone to participate', 'The morning sun gives a warm peaceful vibe to the room']"
vibe,90,masked,0,9,0.2759697735309601,2,"{1: 0.0, 2: 0.2759697735309601, 3: 0.08542314171791077, 4: 0.10566408187150955, 5: 0.10932538658380508}",,"['I love the late night studying vibe in the library', 'There’s a nostalgic vibe in this old neighborhood I love', 'The festival tonight had an exciting and energetic vibe throughout', 'The energy in this studio creates a productive and artistic vibe', 'This cafe gives off a calm and creative vibe all day']"
vibe,90,masked,1,81,0.2759697735309601,2,"{1: 0.0, 2: 0.2759697735309601, 3: 0.08542314171791077, 4: 0.10566408187150955, 5: 0.10932538658380508}",,"['This cafe gives off a calm and creative vibe all day', 'That small gesture completely enhanced the friendly welcoming vibe', 'The morning yoga session has a calm mindful vibe that refreshes', 'The classroom has a focused vibe that encourages everyone to participate', 'This street carries a lively and colorful vibe every evening']"
vibe,100,masked,0,89,0.2629982829093933,2,"{1: 0.0, 2: 0.2629982829093933, 3: 0.0891105905175209, 4: 0.10219886898994446, 5: 0.10876983404159546}",,"['This cafe gives off a calm and creative vibe all day', 'That small gesture completely enhanced the friendly welcoming vibe', 'The morning yoga session has a calm mindful vibe that refreshes', 'The classroom has a focused vibe that encourages everyone to participate', 'This street carries a lively and colorful vibe every evening']"
vibe,100,masked,1,11,0.2629982829093933,2,"{1: 0.0, 2: 0.2629982829093933, 3: 0.0891105905175209, 4: 0.10219886898994446, 5: 0.10876983404159546}",,"['I love the late night studying vibe in the library', 'There’s a nostalgic vibe in this old neighborhood I love', 'The energy in this studio creates a productive and artistic vibe', 'This cafe gives off a calm and creative vibe all day', 'The festival tonight had an exciting and energetic vibe throughout']"
vibe,110,masked,0,13,0.25364458560943604,2,"{1: 0.0, 2: 0.25364458560943604, 3: 0.12490145862102509, 4: 0.09916339069604874, 5: 0.10065168887376785}",,"['I love the late night studying vibe in the library', 'The festival tonight had an exciting and energetic vibe throughout', 'There’s a nostalgic vibe in this old neighborhood I love', 'The energy in this studio creates a productive and artistic vibe', 'This cafe gives off a calm and creative vibe all day']"
vibe,110,masked,1,97,0.25364458560943604,2,"{1: 0.0, 2: 0.25364458560943604, 3: 0.12490145862102509, 4: 0.09916339069604874, 5: 0.10065168887376785}",,"['This cafe gives off a calm and creative vibe all day', 'That small gesture completely enhanced the friendly welcoming vibe', 'The morning yoga session has a calm mindful vibe that refreshes', 'The classroom has a focused vibe that encourages everyone to participate', 'This street carries a lively and colorful vibe every evening']"
vibe,120,masked,0,18,0.25228357315063477,2,"{1: 0.0, 2: 0.25228357315063477, 3: 0.13472136855125427, 4: 0.10508174449205399, 5: 0.10569078475236893}",,"['I love the late night studying vibe in the library', 'The festival tonight had an exciting and energetic vibe throughout', 'The beach has a relaxing vibe that makes you forget your stress', 'That conversation completely shifted the positive vibe of the room', 'There’s a nostalgic vibe in this old neighborhood I love']"
vibe,120,masked,1,102,0.25228357315063477,2,"{1: 0.0, 2: 0.25228357315063477, 3: 0.13472136855125427, 4: 0.10508174449205399, 5: 0.10569078475236893}",,"['This cafe gives off a calm and creative vibe all day', 'That small gesture completely enhanced the friendly welcoming vibe', 'The morning yoga session has a calm mindful vibe that refreshes', 'The classroom has a focused vibe that encourages everyone to participate', 'This street carries a lively and colorful vibe every evening']"
vibe,130,masked,0,107,0.25593799352645874,2,"{1: 0.0, 2: 0.25593799352645874, 3: 0.14175103604793549, 4: 0.10624190419912338, 5: 0.11017321050167084}",,"['This cafe gives off a calm and creative vibe all day', 'That small gesture completely enhanced the friendly welcoming vibe', 'The morning yoga session has a calm mindful vibe that refreshes', 'The classroom has a focused vibe that encourages everyone to participate', 'This street carries a lively and colorful vibe every evening']"
vibe,130,masked,1,23,0.25593799352645874,2,"{1: 0.0, 2: 0.25593799352645874, 3: 0.14175103604793549, 4: 0.10624190419912338, 5: 0.11017321050167084}",,"['I love the late night studying vibe in the library', 'The festival tonight had an exciting and energetic vibe throughout', 'The beach has a relaxing vibe that makes you forget your stress', 'That conversation completely shifted the positive vibe of the room', 'This street carries a lively and colorful vibe every evening']"
vibe,140,masked,0,112,0.25959068536758423,2,"{1: 0.0, 2: 0.25959068536758423, 3: 0.14615851640701294, 4: 0.12074199318885803, 5: 0.11949732899665833}",,"['This cafe gives off a calm and creative vibe all day', 'That small gesture completely enhanced the friendly welcoming vibe', 'The morning yoga session has a calm mindful vibe that refreshes', 'The classroom has a focused vibe that encourages everyone to participate', 'This street carries a lively and colorful vibe every evening']"
vibe,140,masked,1,28,0.25959068536758423,2,"{1: 0.0, 2: 0.25959068536758423, 3: 0.14615851640701294, 4: 0.12074199318885803, 5: 0.11949732899665833}",,"['I love the late night studying vibe in the library', 'The festival tonight had an exciting and energetic vibe throughout', 'The beach has a relaxing vibe that makes you forget your stress', 'This street carries a lively and colorful vibe every evening', 'That conversation completely shifted the positive vibe of the room']"
vibe,150,masked,0,116,0.25741341710090637,2,"{1: 0.0, 2: 0.25741341710090637, 3: 0.14933843910694122, 4: 0.12148559838533401, 5: 0.1287408173084259}",,"['This cafe gives off a calm and creative vibe all day', 'That small gesture completely enhanced the friendly welcoming vibe', 'The morning yoga session has a calm mindful vibe that refreshes', 'The classroom has a focused vibe that encourages everyone to participate', 'This street carries a lively and colorful vibe every evening']"
vibe,150,masked,1,34,0.25741341710090637,2,"{1: 0.0, 2: 0.25741341710090637, 3: 0.14933843910694122, 4: 0.12148559838533401, 5: 0.1287408173084259}",,"['There’s a playful and fun vibe when everyone joins the game night', 'I love the late night studying vibe in the library', 'The festival tonight had an exciting and energetic vibe throughout', 'The beach has a relaxing vibe that makes you forget your stress', 'That quiet snowfall adds a magical serene vibe to the evening']"
lit,5,masked,0,2,0.1210322231054306,2,"{1: 0.0, 2: 0.1210322231054306, 3: 0.05821697786450386, 4: 0.020291633903980255}",,"['That concert was lit from the first song to the encore 🔥', 'Didn’t expect much, but the party actually turned out lit.']"
lit,5,masked,1,3,0.1210322231054306,2,"{1: 0.0, 2: 0.1210322231054306, 3: 0.05821697786450386, 4: 0.020291633903980255}",,"['Didn’t expect much, but the party actually turned out lit.', 'That concert was lit from the first song to the encore 🔥', 'This playlist is lit — been looping it all morning while working.']"
lit,10,masked,0,10,0.0,1,"{1: 0.0, 2: 0.0704776793718338, 3: 0.058988116681575775, 4: 0.04371880367398262, 5: 0.03307719901204109}",,"['The vibe at that place last night was honestly lit.', 'The energy in the room was lit even before the show started.', 'That moment when the beat dropped — yeah, it was lit.', 'We showed up late, but somehow the night was already lit.', 'That DJ set? Completely lit, crowd didn’t stop moving.']"
lit,20,masked,0,20,0.0,1,"{1: 0.0, 2: 0.09557315707206726, 3: 0.07482539117336273, 4: 0.08573354780673981, 5: 0.08848443627357483}",,"['That rooftop party was lit, city lights and all 🌃', 'Even from the back seats, the show felt lit.', 'That performance was lit, no doubt about it.', 'The whole place felt lit once the music started.', 'Honestly didn’t think I’d enjoy it, but the night was lit.']"
lit,30,masked,0,30,0.0,1,"{1: 0.0, 2: 0.06074659898877144, 3: 0.06748486310243607, 4: 0.058697719126939774, 5: 0.03100765496492386}",,"['That rooftop party was lit, city lights and all 🌃', 'Even from the back seats, the show felt lit.', 'This festival is always lit, no matter who’s playing.', 'The concert was lit, my voice is still gone.', 'That performance was lit, no doubt about it.']"
lit,40,masked,0,6,0.13947907090187073,2,"{1: 0.0, 2: 0.13947907090187073, 3: 0.07553376257419586, 4: 0.08316873013973236, 5: 0.0895671471953392}",,"['The vibe at that place last night was honestly lit.', 'Didn’t expect much, but the party actually turned out lit.', 'We showed up late, but somehow the night was already lit.', 'This playlist is lit — been looping it all morning while working.', 'That DJ set? Completely lit, crowd didn’t stop moving.']"
lit,40,masked,1,34,0.13947907090187073,2,"{1: 0.0, 2: 0.13947907090187073, 3: 0.07553376257419586, 4: 0.08316873013973236, 5: 0.0895671471953392}",,"['The vibe switched up and suddenly everything was lit.', 'I wasn’t feeling it at first, but the party got lit real fast.', 'This new track is lit, can’t stop replaying it.', 'That party went from chill to lit in like ten minutes.', 'That moment when everyone started dancing — lit.']"
lit,50,masked,0,43,0.1267218440771103,2,"{1: 0.0, 2: 0.1267218440771103, 3: 0.06703341752290726, 4: 0.06687064468860626, 5: 0.07061697542667389}",,"['The vibe switched up and suddenly everything was lit.', 'The crowd went crazy — the whole thing was lit.', 'This new track is lit, can’t stop replaying it.', 'I wasn’t feeling it at first, but the party got lit real fast.', 'That party went from chill to lit in like ten minutes.']"
lit,50,masked,1,7,0.1267218440771103,2,"{1: 0.0, 2: 0.1267218440771103, 3: 0.06703341752290726, 4: 0.06687064468860626, 5: 0.07061697542667389}",,"['The vibe at that place last night was honestly lit.', 'We showed up late, but somehow the night was already lit.', 'Didn’t expect much, but the party actually turned out lit.', 'This playlist is lit — been looping it all morning while working.', 'That concert was lit from the first song to the encore 🔥']"
lit,60,masked,0,52,0.12784190475940704,2,"{1: 0.0, 2: 0.12784190475940704, 3: 0.09351108968257904, 4: 0.08165784925222397, 5: 0.09058035910129547}",,"['That performance was surprisingly lit.', 'The vibe switched up and suddenly everything was lit.', 'The crowd went crazy — the whole thing was lit.', 'This new track is lit, can’t stop replaying it.', 'I wasn’t feeling it at first, but the party got lit real fast.']"
lit,60,masked,1,8,0.12784190475940704,2,"{1: 0.0, 2: 0.12784190475940704, 3: 0.09351108968257904, 4: 0.08165784925222397, 5: 0.09058035910129547}",,"['The energy in the room was lit even before the show started.', 'The vibe at that place last night was honestly lit.', 'We showed up late, but somehow the night was already lit.', 'Didn’t expect much, but the party actually turned out lit.', 'This playlist is lit — been looping it all morning while working.']"
lit,70,masked,0,61,0.1281026303768158,2,"{1: 0.0, 2: 0.1281026303768158, 3: 0.0609125941991806, 4: 0.09050565958023071, 5: 0.09997137635946274}",,"['That performance was surprisingly lit.', 'The vibe switched up and suddenly everything was lit.', 'The crowd went crazy — the whole thing was lit.', 'This new track is lit, can’t stop replaying it.', 'I wasn’t feeling it at first, but the party got lit real fast.']"
lit,70,masked,1,9,0.1281026303768158,2,"{1: 0.0, 2: 0.1281026303768158, 3: 0.0609125941991806, 4: 0.09050565958023071, 5: 0.09997137635946274}",,"['The vibe at that place last night was honestly lit.', 'The energy in the room was lit even before the show started.', 'Didn’t expect much, but the party actually turned out lit.', 'We showed up late, but somehow the night was already lit.', 'This playlist is lit — been looping it all morning while working.']"
lit,80,masked,0,70,0.12350308895111084,2,"{1: 0.0, 2: 0.12350308895111084, 3: 0.08427351713180542, 4: 0.08975231647491455, 5: 0.10169900953769684}",,"['That performance was surprisingly lit.', 'The vibe switched up and suddenly everything was lit.', 'The crowd went crazy — the whole thing was lit.', 'That experience was way more lit than I expected.', 'This new track is lit, can’t stop replaying it.']"
lit,80,masked,1,10,0.12350308895111084,2,"{1: 0.0, 2: 0.12350308895111084, 3: 0.08427351713180542, 4: 0.08975231647491455, 5: 0.10169900953769684}",,"['The energy in the room was lit even before the show started.', 'The vibe at that place last night was honestly lit.', 'We showed up late, but somehow the night was already lit.', 'Didn’t expect much, but the party actually turned out lit.', 'That moment when the beat dropped — yeah, it was lit.']"
lit,90,masked,0,11,0.1252073496580124,2,"{1: 0.0, 2: 0.1252073496580124, 3: 0.08014117181301117, 4: 0.08790617436170578, 5: 0.09728903323411942}",,"['The energy in the room was lit even before the show started.', 'The vibe at that place last night was honestly lit.', 'We showed up late, but somehow the night was already lit.', 'I wasn’t feeling it at first, but the party got lit real fast.', 'That moment when the beat dropped — yeah, it was lit.']"
lit,90,masked,1,79,0.1252073496580124,2,"{1: 0.0, 2: 0.1252073496580124, 3: 0.08014117181301117, 4: 0.08790617436170578, 5: 0.09728903323411942}",,"['That performance was surprisingly lit.', 'The vibe switched up and suddenly everything was lit.', 'The energy stayed lit long after the music stopped.', 'The crowd went crazy — the whole thing was lit.', 'That experience was way more lit than I expected.']"
lit,100,masked,0,12,0.1250593513250351,2,"{1: 0.0, 2: 0.1250593513250351, 3: 0.08842840045690536, 4: 0.09392591565847397, 5: 0.11282318830490112}",,"['The energy in the room was lit even before the show started.', 'The crowd was lit, screaming every word.', 'The vibe at that place last night was honestly lit.', 'That moment when the beat dropped — yeah, it was lit.', 'We showed up late, but somehow the night was already lit.']"
lit,100,masked,1,88,0.1250593513250351,2,"{1: 0.0, 2: 0.1250593513250351, 3: 0.08842840045690536, 4: 0.09392591565847397, 5: 0.11282318830490112}",,"['That performance was surprisingly lit.', 'The vibe switched up and suddenly everything was lit.', 'The event stayed lit even when things ran late.', 'The energy stayed lit long after the music stopped.', 'The vibe was lit in a very natural way.']"
lit,110,masked,0,12,0.12231791019439697,5,"{1: 0.0, 2: 0.1174507662653923, 3: 0.09444908797740936, 4: 0.09702502191066742, 5: 0.12231791019439697}",,"['That concert was lit from the first song to the encore 🔥', 'The event was lowkey lit despite the terrible weather.', 'We showed up late, but somehow the night was already lit.', 'This bar gets lit after midnight, trust me.', 'I wasn’t feeling it at first, but the party got lit real fast.']"
lit,110,masked,1,16,0.12231791019439697,5,"{1: 0.0, 2: 0.1174507662653923, 3: 0.09444908797740936, 4: 0.09702502191066742, 5: 0.12231791019439697}",,"['The whole place felt lit once the music started.', 'The vibe at that place last night was honestly lit.', 'This new track is lit, can’t stop replaying it.', 'Didn’t expect much, but the party actually turned out lit.', 'That moment when the beat dropped — yeah, it was lit.']"
lit,110,masked,2,15,0.12231791019439697,5,"{1: 0.0, 2: 0.1174507662653923, 3: 0.09444908797740936, 4: 0.09702502191066742, 5: 0.12231791019439697}",,"['The energy in the room was lit even before the show started.', 'The whole place felt lit once the music started.', 'That moment when the beat dropped — yeah, it was lit.', 'The crowd was lit, screaming every word.', 'That rooftop party was lit, city lights and all 🌃']"
lit,110,masked,3,61,0.12231791019439697,5,"{1: 0.0, 2: 0.1174507662653923, 3: 0.09444908797740936, 4: 0.09702502191066742, 5: 0.12231791019439697}",,"['Didn’t plan on staying long, but it got lit.', 'The concert vibe was lit, everyone was locked in.', 'This playlist is lowkey lit for late-night drives.', 'Honestly didn’t think I’d enjoy it, but the night was lit.', 'The energy in that room was lit without trying too hard.']"
lit,110,masked,4,6,0.12231791019439697,5,"{1: 0.0, 2: 0.1174507662653923, 3: 0.09444908797740936, 4: 0.09702502191066742, 5: 0.12231791019439697}",,"['The vibe at that place last night was honestly lit.', 'That DJ set? Completely lit, crowd didn’t stop moving.', 'This playlist is lit — been looping it all morning while working.', 'We showed up late, but somehow the night was already lit.', 'Didn’t expect much, but the party actually turned out lit.']"
lit,120,masked,0,16,0.12080828100442886,3,"{1: 0.0, 2: 0.11595787853002548, 3: 0.12080828100442886, 4: 0.10379067063331604, 5: 0.11445330083370209}",,"['The energy in the room was lit even before the show started.', 'This new track is lit, can’t stop replaying it.', 'The whole place felt lit once the music started.', 'That moment when the beat dropped — yeah, it was lit.', 'The crowd was lit, screaming every word.']"
lit,120,masked,1,82,0.12080828100442886,3,"{1: 0.0, 2: 0.11595787853002548, 3: 0.12080828100442886, 4: 0.10379067063331604, 5: 0.11445330083370209}",,"['This new track is lit, can’t stop replaying it.', 'The whole venue felt lit once the lights went down.', 'The vibe turned lit once the music got louder.', 'The DJ really knew how to keep it lit.', 'The party got lit once the DJ switched genres.']"
lit,120,masked,2,22,0.12080828100442886,3,"{1: 0.0, 2: 0.11595787853002548, 3: 0.12080828100442886, 4: 0.10379067063331604, 5: 0.11445330083370209}",,"['Didn’t expect much, but the party actually turned out lit.', 'This bar gets lit after midnight, trust me.', 'That rooftop party was lit, city lights and all 🌃', 'Honestly didn’t think I’d enjoy it, but the night was lit.', 'The atmosphere there gets lit on weekends.']"
lit,130,masked,0,8,0.12776979804039001,5,"{1: 0.0, 2: 0.10905380547046661, 3: 0.11802417784929276, 4: 0.11221451312303543, 5: 0.12776979804039001}",,"['We showed up late, but somehow the night was already lit.', 'This bar gets lit after midnight, trust me.', 'The energy in the room was lit even before the show started.', 'The vibe at that place last night was honestly lit.', 'That DJ set? Completely lit, crowd didn’t stop moving.']"
lit,130,masked,1,67,0.12776979804039001,5,"{1: 0.0, 2: 0.10905380547046661, 3: 0.11802417784929276, 4: 0.11221451312303543, 5: 0.12776979804039001}",,"['The vibe was lit even before anything really happened.', 'This bar gets lit once people loosen up.', 'The event felt lit even though it wasn’t packed.', 'That moment felt lit, like everything clicked.', 'Honestly didn’t think I’d enjoy it, but the night was lit.']"
lit,130,masked,2,17,0.12776979804039001,5,"{1: 0.0, 2: 0.10905380547046661, 3: 0.11802417784929276, 4: 0.11221451312303543, 5: 0.12776979804039001}",,"['The energy in the room was lit even before the show started.', 'This new track is lit, can’t stop replaying it.', 'That rooftop party was lit, city lights and all 🌃', 'The whole place felt lit once the music started.', 'That moment when the beat dropped — yeah, it was lit.']"
lit,130,masked,3,20,0.12776979804039001,5,"{1: 0.0, 2: 0.10905380547046661, 3: 0.11802417784929276, 4: 0.11221451312303543, 5: 0.12776979804039001}",,"['The vibe at that place last night was honestly lit.', 'The whole place felt lit once the music started.', 'This new track is lit, can’t stop replaying it.', 'Even from the back seats, the show felt lit.', 'That moment when the beat dropped — yeah, it was lit.']"
lit,130,masked,4,18,0.12776979804039001,5,"{1: 0.0, 2: 0.10905380547046661, 3: 0.11802417784929276, 4: 0.11221451312303543, 5: 0.12776979804039001}",,"['The event was lowkey lit despite the terrible weather.', 'That concert was lit from the first song to the encore 🔥', 'We showed up late, but somehow the night was already lit.', 'That rooftop party was lit, city lights and all 🌃', 'This bar gets lit after midnight, trust me.']"
lit,140,masked,0,21,0.12012656033039093,3,"{1: 0.0, 2: 0.10991465300321579, 3: 0.12012656033039093, 4: 0.10884667932987213, 5: 0.1163383200764656}",,"['That concert was lit from the first song to the encore 🔥', 'The event was lowkey lit despite the terrible weather.', 'We showed up late, but somehow the night was already lit.', 'That rooftop party was lit, city lights and all 🌃', 'This bar gets lit after midnight, trust me.']"
lit,140,masked,1,101,0.12012656033039093,3,"{1: 0.0, 2: 0.10991465300321579, 3: 0.12012656033039093, 4: 0.10884667932987213, 5: 0.1163383200764656}",,"['This track is lit when you need a mood boost.', 'The crowd was lit, singing along to everything.', 'The vibe switched up and suddenly everything was lit.', 'The energy stayed lit long after the music stopped.', 'This spot stays lit on Fridays for a reason.']"
lit,140,masked,2,18,0.12012656033039093,3,"{1: 0.0, 2: 0.10991465300321579, 3: 0.12012656033039093, 4: 0.10884667932987213, 5: 0.1163383200764656}",,"['The energy in the room was lit even before the show started.', 'This new track is lit, can’t stop replaying it.', 'That rooftop party was lit, city lights and all 🌃', 'The whole place felt lit once the music started.', 'That performance was lit, no doubt about it.']"
lit,150,masked,0,19,0.12719744443893433,5,"{1: 0.0, 2: 0.10787877440452576, 3: 0.11053209751844406, 4: 0.10990864038467407, 5: 0.12719744443893433}",,"['The energy in the room was lit even before the show started.', 'This new track is lit, can’t stop replaying it.', 'That performance was lit, no doubt about it.', 'That rooftop party was lit, city lights and all 🌃', 'The whole place felt lit once the music started.']"
lit,150,masked,1,24,0.12719744443893433,5,"{1: 0.0, 2: 0.10787877440452576, 3: 0.11053209751844406, 4: 0.10990864038467407, 5: 0.12719744443893433}",,"['The vibe at that place last night was honestly lit.', 'The whole place felt lit once the music started.', 'Even from the back seats, the show felt lit.', 'This new track is lit, can’t stop replaying it.', 'That party went from chill to lit in like ten minutes.']"
lit,150,masked,2,22,0.12719744443893433,5,"{1: 0.0, 2: 0.10787877440452576, 3: 0.11053209751844406, 4: 0.10990864038467407, 5: 0.12719744443893433}",,"['The event was lowkey lit despite the terrible weather.', 'That concert was lit from the first song to the encore 🔥', 'We showed up late, but somehow the night was already lit.', 'That rooftop party was lit, city lights and all 🌃', 'This bar gets lit after midnight, trust me.']"
lit,150,masked,3,64,0.12719744443893433,5,"{1: 0.0, 2: 0.10787877440452576, 3: 0.11053209751844406, 4: 0.10990864038467407, 5: 0.12719744443893433}",,"['This place was dead earlier, now it’s lit.', 'This place doesn’t look like much, but it gets lit fast.', 'This playlist is lowkey lit for late-night drives.', 'The night was quiet at first, then suddenly lit.', 'The whole venue felt lit once the lights went down.']"
lit,150,masked,4,21,0.12719744443893433,5,"{1: 0.0, 2: 0.10787877440452576, 3: 0.11053209751844406, 4: 0.10990864038467407, 5: 0.12719744443893433}",,"['Honestly didn’t think I’d enjoy it, but the night was lit.', 'That performance was lit, no doubt about it.', 'That rooftop party was lit, city lights and all 🌃', 'This new track is lit, can’t stop replaying it.', 'The whole place felt lit once the music started.']"
basic,5,masked,0,3,0.19624832272529602,3,"{1: 0.0, 2: 0.1736363023519516, 3: 0.19624832272529602, 4: 0.05656663700938225}",,"['The outfit looked nice but still very basic overall', 'The menu options were fine yet surprisingly basic for the price', 'Her approach to decorating felt safe and extremely basic']"
basic,5,masked,1,1,0.19624832272529602,3,"{1: 0.0, 2: 0.1736363023519516, 3: 0.19624832272529602, 4: 0.05656663700938225}",,['The outfit looked nice but still very basic overall']
basic,5,masked,2,1,0.19624832272529602,3,"{1: 0.0, 2: 0.1736363023519516, 3: 0.19624832272529602, 4: 0.05656663700938225}",,['The outfit looked nice but still very basic overall']
basic,10,masked,0,7,0.2968176305294037,2,"{1: 0.0, 2: 0.2968176305294037, 3: 0.19608476758003235, 4: 0.198481947183609, 5: 0.16794098913669586}",,"['The outfit looked nice but still very basic overall', 'The design looked clean but felt too basic for attention', 'The workout routine is effective but honestly quite basic overall', 'Her approach to decorating felt safe and extremely basic', 'His explanation made sense but was kind of basic to follow']"
basic,10,masked,1,3,0.2968176305294037,2,"{1: 0.0, 2: 0.2968176305294037, 3: 0.19608476758003235, 4: 0.198481947183609, 5: 0.16794098913669586}",,"['The menu options were fine yet surprisingly basic for the price', 'Her approach to decorating felt safe and extremely basic', 'The outfit looked nice but still very basic overall']"
basic,20,masked,0,15,0.3252909183502197,2,"{1: 0.0, 2: 0.3252909183502197, 3: 0.1747208535671234, 4: 0.1613827794790268, 5: 0.15812650322914124}",,"['The outfit looked nice but still very basic overall', 'The design looked clean but felt too basic for attention', 'The event setup was functional but undeniably basic overall', 'The concept had potential but ended up being too basic', 'Her approach to decorating felt safe and extremely basic']"
basic,20,masked,1,5,0.3252909183502197,2,"{1: 0.0, 2: 0.3252909183502197, 3: 0.1747208535671234, 4: 0.1613827794790268, 5: 0.15812650322914124}",,"['The menu options were fine yet surprisingly basic for the price', 'The design looked clean but felt too basic for attention', 'His explanation made sense but was kind of basic to follow', 'The outfit looked nice but still very basic overall', 'Her approach to decorating felt safe and extremely basic']"
basic,30,masked,0,22,0.27755796909332275,2,"{1: 0.0, 2: 0.27755796909332275, 3: 0.14597709476947784, 4: 0.14401589334011078, 5: 0.09587658196687698}",,"['The outfit looked nice but still very basic overall', 'The design looked clean but felt too basic for attention', 'That makeup tutorial is helpful but honestly too basic', 'The event setup was functional but undeniably basic overall', 'The concept had potential but ended up being too basic']"
basic,30,masked,1,8,0.27755796909332275,2,"{1: 0.0, 2: 0.27755796909332275, 3: 0.14597709476947784, 4: 0.14401589334011078, 5: 0.09587658196687698}",,"['The design looked clean but felt too basic for attention', 'The menu options were fine yet surprisingly basic for the price', 'The outfit looked nice but still very basic overall', 'Her approach to decorating felt safe and extremely basic', 'Everyone liked it yet the whole idea seemed a bit basic']"
basic,40,masked,0,30,0.2810417711734772,2,"{1: 0.0, 2: 0.2810417711734772, 3: 0.13360987603664398, 4: 0.12129069864749908, 5: 0.12101204693317413}",,"['The outfit looked nice but still very basic overall', 'The design looked clean but felt too basic for attention', 'His advice was good yet somewhat basic and expected', 'The event setup was functional but undeniably basic overall', 'That makeup tutorial is helpful but honestly too basic']"
basic,40,masked,1,10,0.2810417711734772,2,"{1: 0.0, 2: 0.2810417711734772, 3: 0.13360987603664398, 4: 0.12129069864749908, 5: 0.12101204693317413}",,"['The design looked clean but felt too basic for attention', 'The menu options were fine yet surprisingly basic for the price', 'The outfit looked nice but still very basic overall', 'The concept had potential but ended up being too basic', 'Her approach to decorating felt safe and extremely basic']"
basic,50,masked,0,38,0.2695818543434143,2,"{1: 0.0, 2: 0.2695818543434143, 3: 0.13304118812084198, 4: 0.13580310344696045, 5: 0.11647611856460571}",,"['The design looked clean but felt too basic for attention', 'His advice was good yet somewhat basic and expected', 'The outfit looked nice but still very basic overall', 'That makeup tutorial is helpful but honestly too basic', 'The event setup was functional but undeniably basic overall']"
basic,50,masked,1,12,0.2695818543434143,2,"{1: 0.0, 2: 0.2695818543434143, 3: 0.13304118812084198, 4: 0.13580310344696045, 5: 0.11647611856460571}",,"['The design looked clean but felt too basic for attention', 'The outfit looked nice but still very basic overall', 'The menu options were fine yet surprisingly basic for the price', 'That makeup look is trending but still feels basic to me', 'Everyone liked it yet the whole idea seemed a bit basic']"
basic,60,masked,0,46,0.28008830547332764,2,"{1: 0.0, 2: 0.28008830547332764, 3: 0.12555372714996338, 4: 0.11826369166374207, 5: 0.08844176679849625}",,"['The design looked clean but felt too basic for attention', 'That advice is helpful but seems overly basic for this situation', 'His advice was good yet somewhat basic and expected', 'The outfit looked nice but still very basic overall', 'The event setup was functional but undeniably basic overall']"
basic,60,masked,1,14,0.28008830547332764,2,"{1: 0.0, 2: 0.28008830547332764, 3: 0.12555372714996338, 4: 0.11826369166374207, 5: 0.08844176679849625}",,"['The design looked clean but felt too basic for attention', 'That hairstyle works but still seems too basic for today', 'That makeup look is trending but still feels basic to me', 'The outfit looked nice but still very basic overall', 'The menu options were fine yet surprisingly basic for the price']"
basic,70,masked,0,53,0.28012698888778687,2,"{1: 0.0, 2: 0.28012698888778687, 3: 0.13038402795791626, 4: 0.1335412561893463, 5: 0.08583585172891617}",,"['The design looked clean but felt too basic for attention', 'The website layout is functional but visually very basic', 'That advice is helpful but seems overly basic for this situation', 'His advice was good yet somewhat basic and expected', 'The outfit looked nice but still very basic overall']"
basic,70,masked,1,17,0.28012698888778687,2,"{1: 0.0, 2: 0.28012698888778687, 3: 0.13038402795791626, 4: 0.1335412561893463, 5: 0.08583585172891617}",,"['The lesson plan is structured but feels overly basic for students', 'That hairstyle works but still seems too basic for today', 'The design looked clean but felt too basic for attention', 'That makeup look is trending but still feels basic to me', 'That playlist is enjoyable but very basic in song choices']"
basic,80,masked,0,18,0.2788258194923401,2,"{1: 0.0, 2: 0.2788258194923401, 3: 0.13303975760936737, 4: 0.12952463328838348, 5: 0.13225781917572021}",,"['Her outfit choice is cute yet slightly basic for the event', 'The lesson plan is structured but feels overly basic for students', 'That hairstyle works but still seems too basic for today', 'The design looked clean but felt too basic for attention', 'That makeup look is trending but still feels basic to me']"
basic,80,masked,1,62,0.2788258194923401,2,"{1: 0.0, 2: 0.2788258194923401, 3: 0.13303975760936737, 4: 0.12952463328838348, 5: 0.13225781917572021}",,"['The design looked clean but felt too basic for attention', 'The party decorations were thoughtful yet overall basic in execution', 'The website layout is functional but visually very basic', 'His advice was good yet somewhat basic and expected', 'That advice is helpful but seems overly basic for this situation']"
basic,90,masked,0,72,0.2803936302661896,2,"{1: 0.0, 2: 0.2803936302661896, 3: 0.1260244995355606, 4: 0.12362419068813324, 5: 0.11795852333307266}",,"['The design looked clean but felt too basic for attention', 'The party decorations were thoughtful yet overall basic in execution', 'The decor was visually pleasant but stayed basic overall', 'The website layout is functional but visually very basic', 'His advice was good yet somewhat basic and expected']"
basic,90,masked,1,18,0.2803936302661896,2,"{1: 0.0, 2: 0.2803936302661896, 3: 0.1260244995355606, 4: 0.12362419068813324, 5: 0.11795852333307266}",,"['Her outfit choice is cute yet slightly basic for the event', 'The lesson plan is structured but feels overly basic for students', 'That hairstyle works but still seems too basic for today', 'The design looked clean but felt too basic for attention', 'That makeup look is trending but still feels basic to me']"
basic,100,masked,0,80,0.27924785017967224,2,"{1: 0.0, 2: 0.27924785017967224, 3: 0.1249924749135971, 4: 0.12917396426200867, 5: 0.12225926667451859}",,"['The design looked clean but felt too basic for attention', 'The party decorations were thoughtful yet overall basic in execution', 'The website layout is functional but visually very basic', 'The decor was visually pleasant but stayed basic overall', 'The presentation is clear but feels overly basic for this audience']"
basic,100,masked,1,20,0.27924785017967224,2,"{1: 0.0, 2: 0.27924785017967224, 3: 0.1249924749135971, 4: 0.12917396426200867, 5: 0.12225926667451859}",,"['Her outfit choice is cute yet slightly basic for the event', 'The stage setup looked professional but a little basic overall', 'The lesson plan is structured but feels overly basic for students', 'That hairstyle works but still seems too basic for today', 'The design looked clean but felt too basic for attention']"
basic,110,masked,0,83,0.2727348804473877,2,"{1: 0.0, 2: 0.2727348804473877, 3: 0.1286827176809311, 4: 0.132461279630661, 5: 0.13399328291416168}",,"['The design looked clean but felt too basic for attention', 'The party decorations were thoughtful yet overall basic in execution', 'The decor was visually pleasant but stayed basic overall', 'The website layout is functional but visually very basic', 'His advice was good yet somewhat basic and expected']"
basic,110,masked,1,27,0.2727348804473877,2,"{1: 0.0, 2: 0.2727348804473877, 3: 0.1286827176809311, 4: 0.132461279630661, 5: 0.13399328291416168}",,"['Her outfit choice is cute yet slightly basic for the event', 'The stage setup looked professional but a little basic overall', 'The design looked clean but felt too basic for attention', 'The lesson plan is structured but feels overly basic for students', 'That hairstyle works but still seems too basic for today']"
basic,120,masked,0,33,0.2714475095272064,2,"{1: 0.0, 2: 0.2714475095272064, 3: 0.13028499484062195, 4: 0.13012179732322693, 5: 0.12854090332984924}",,"['Her outfit choice is cute yet slightly basic for the event', 'The stage setup looked professional but a little basic overall', 'The design looked clean but felt too basic for attention', 'The photography setup is decent but surprisingly basic in quality', 'That hairstyle works but still seems too basic for today']"
basic,120,masked,1,87,0.2714475095272064,2,"{1: 0.0, 2: 0.2714475095272064, 3: 0.13028499484062195, 4: 0.13012179732322693, 5: 0.12854090332984924}",,"['The design looked clean but felt too basic for attention', 'The party decorations were thoughtful yet overall basic in execution', 'The decor was visually pleasant but stayed basic overall', 'His advice was good yet somewhat basic and expected', 'The website layout is functional but visually very basic']"
basic,130,masked,0,87,0.28262564539909363,2,"{1: 0.0, 2: 0.28262564539909363, 3: 0.13939279317855835, 4: 0.08587311953306198, 5: 0.08178921043872833}",,"['The design looked clean but felt too basic for attention', 'The party decorations were thoughtful yet overall basic in execution', 'The decor was visually pleasant but stayed basic overall', 'His advice was good yet somewhat basic and expected', 'The website layout is functional but visually very basic']"
basic,130,masked,1,43,0.28262564539909363,2,"{1: 0.0, 2: 0.28262564539909363, 3: 0.13939279317855835, 4: 0.08587311953306198, 5: 0.08178921043872833}",,"['Her outfit choice is cute yet slightly basic for the event', 'The photography setup is decent but surprisingly basic in quality', 'The design looked clean but felt too basic for attention', 'The stage setup looked professional but a little basic overall', 'The menu options were fine yet surprisingly basic for the price']"
basic,140,masked,0,51,0.2873477041721344,2,"{1: 0.0, 2: 0.2873477041721344, 3: 0.14671336114406586, 4: 0.1411925107240677, 5: 0.08529352396726608}",,"['The photography setup is decent but surprisingly basic in quality', 'The design looked clean but felt too basic for attention', 'The menu options were fine yet surprisingly basic for the price', 'The stage setup looked professional but a little basic overall', 'Her outfit choice is cute yet slightly basic for the event']"
basic,140,masked,1,89,0.2873477041721344,2,"{1: 0.0, 2: 0.2873477041721344, 3: 0.14671336114406586, 4: 0.1411925107240677, 5: 0.08529352396726608}",,"['The design looked clean but felt too basic for attention', 'The party decorations were thoughtful yet overall basic in execution', 'The decor was visually pleasant but stayed basic overall', 'His advice was good yet somewhat basic and expected', 'The website layout is functional but visually very basic']"
basic,150,masked,0,61,0.29304635524749756,2,"{1: 0.0, 2: 0.29304635524749756, 3: 0.19925576448440552, 4: 0.09234242886304855, 5: 0.0979272797703743}",,"['The photography setup is decent but surprisingly basic in quality', 'The menu options were fine yet surprisingly basic for the price', 'The design looked clean but felt too basic for attention', 'The idea works but remains simple and surprisingly basic', 'The outfit is cute yet still feels very basic compared to others']"
basic,150,masked,1,89,0.29304635524749756,2,"{1: 0.0, 2: 0.29304635524749756, 3: 0.19925576448440552, 4: 0.09234242886304855, 5: 0.0979272797703743}",,"['The design looked clean but felt too basic for attention', 'The party decorations were thoughtful yet overall basic in execution', 'The decor was visually pleasant but stayed basic overall', 'His advice was good yet somewhat basic and expected', 'The website layout is functional but visually very basic']"
swag,5,masked,0,4,0.12838415801525116,2,"{1: 0.0, 2: 0.12838415801525116, 3: 0.1057400107383728, 4: 0.011012881994247437}",,"['Check out my new kicks, pure swag 😎🔥', 'swag is cool', 'Feeling the swag on this sunny day ☀️', 'That outfit has mad swag #stylegoals']"
swag,5,masked,1,1,0.12838415801525116,2,"{1: 0.0, 2: 0.12838415801525116, 3: 0.1057400107383728, 4: 0.011012881994247437}",,['swag is cool']
swag,10,masked,0,1,0.14159059524536133,2,"{1: 0.0, 2: 0.14159059524536133, 3: 0.10128841549158096, 4: 0.10270392894744873, 5: 0.0748322606086731}",,['swag is cool']
swag,10,masked,1,9,0.14159059524536133,2,"{1: 0.0, 2: 0.14159059524536133, 3: 0.10128841549158096, 4: 0.10270392894744873, 5: 0.0748322606086731}",,"['Swag alert! Just picked up some fresh gear', 'Check out my new kicks, pure swag 😎🔥', 'The dance moves were smooth, total swag 💃', 'Feeling the swag on this sunny day ☀️', 'swag is cool']"
swag,20,masked,0,17,0.2193523347377777,2,"{1: 0.0, 2: 0.2193523347377777, 3: 0.17956972122192383, 4: 0.05008339881896973, 5: 0.06018849089741707}",,"['Swag alert! Just picked up some fresh gear', 'Check out my new kicks, pure swag 😎🔥', 'Confidence and swag, that’s how you win', 'Swag game strong today, feeling unstoppable', 'Dripping swag in every step I take']"
swag,20,masked,1,3,0.2193523347377777,2,"{1: 0.0, 2: 0.2193523347377777, 3: 0.17956972122192383, 4: 0.05008339881896973, 5: 0.06018849089741707}",,"['Check out my new kicks, pure swag 😎🔥', 'swag is cool', 'That outfit has mad swag #stylegoals']"
swag,30,masked,0,5,0.21692246198654175,2,"{1: 0.0, 2: 0.21692246198654175, 3: 0.17199759185314178, 4: 0.0847168043255806, 5: 0.07660435140132904}",,"['His confidence is unmatched, full of swag', 'swag is cool', 'Check out my new kicks, pure swag 😎🔥', 'Feeling the swag on this sunny day ☀️', 'That outfit has mad swag #stylegoals']"
swag,30,masked,1,25,0.21692246198654175,2,"{1: 0.0, 2: 0.21692246198654175, 3: 0.17199759185314178, 4: 0.0847168043255806, 5: 0.07660435140132904}",,"['Swag alert! Just picked up some fresh gear', 'Even the smallest gestures carry a lot of swag', 'Confidence and swag, that’s how you win', 'Swag game strong today, feeling unstoppable', 'Check out my new kicks, pure swag 😎🔥']"
swag,40,masked,0,9,0.21812205016613007,2,"{1: 0.0, 2: 0.21812205016613007, 3: 0.13247548043727875, 4: 0.09846721589565277, 5: 0.09304165840148926}",,"['His confidence is unmatched, full of swag', 'swag is cool', 'The dance moves were smooth, total swag 💃', 'Check out my new kicks, pure swag 😎🔥', 'Feeling the swag on this sunny day ☀️']"
swag,40,masked,1,31,0.21812205016613007,2,"{1: 0.0, 2: 0.21812205016613007, 3: 0.13247548043727875, 4: 0.09846721589565277, 5: 0.09304165840148926}",,"['Swag alert! Just picked up some fresh gear', 'Even the smallest gestures carry a lot of swag', 'Confidence and swag, that’s how you win', 'Swag game strong today, feeling unstoppable', 'Swag vibes only, no negativity allowed']"
swag,50,masked,0,37,0.22682985663414001,2,"{1: 0.0, 2: 0.22682985663414001, 3: 0.10868895798921585, 4: 0.10585833340883255, 5: 0.10623491555452347}",,"['Swag alert! Just picked up some fresh gear', 'Even the smallest gestures carry a lot of swag', 'Confidence and swag, that’s how you win', 'Swag vibes only, no negativity allowed', 'Swag game strong today, feeling unstoppable']"
swag,50,masked,1,13,0.22682985663414001,2,"{1: 0.0, 2: 0.22682985663414001, 3: 0.10868895798921585, 4: 0.10585833340883255, 5: 0.10623491555452347}",,"['His confidence is unmatched, full of swag', 'Swag on point, literally killing the look 🔥', 'The dance moves were smooth, total swag 💃', 'Check out my new kicks, pure swag 😎🔥', 'swag is cool']"
swag,60,masked,0,43,0.2448316067457199,2,"{1: 0.0, 2: 0.2448316067457199, 3: 0.12151139229536057, 4: 0.11005020141601562, 5: 0.07339843362569809}",,"['Swag alert! Just picked up some fresh gear', 'Even the smallest gestures carry a lot of swag', 'Confidence and swag, that’s how you win', 'Swag vibes only, no negativity allowed', 'Swag game strong today, feeling unstoppable']"
swag,60,masked,1,17,0.2448316067457199,2,"{1: 0.0, 2: 0.2448316067457199, 3: 0.12151139229536057, 4: 0.11005020141601562, 5: 0.07339843362569809}",,"['His confidence is unmatched, full of swag', 'The dance moves were smooth, total swag 💃', 'Morning coffee with swag vibes only ☕😎', 'Not just clothes, it’s a lifestyle of swag', 'Swag on point, literally killing the look 🔥']"
swag,70,masked,0,22,0.25592344999313354,2,"{1: 0.0, 2: 0.25592344999313354, 3: 0.13164624571800232, 4: 0.07015164941549301, 5: 0.06934955716133118}",,"['That performance was full of swag and confidence', 'Not just clothes, it’s a lifestyle of swag', 'The dance moves were smooth, total swag 💃', 'Morning coffee with swag vibes only ☕😎', 'His confidence is unmatched, full of swag']"
swag,70,masked,1,48,0.25592344999313354,2,"{1: 0.0, 2: 0.25592344999313354, 3: 0.13164624571800232, 4: 0.07015164941549301, 5: 0.06934955716133118}",,"['Swag alert! Just picked up some fresh gear', 'Even the smallest gestures carry a lot of swag', 'Confidence and swag, that’s how you win', 'Swag vibes only, no negativity allowed', 'That smile is pure swag energy 💯']"
swag,80,masked,0,54,0.2614385187625885,2,"{1: 0.0, 2: 0.2614385187625885, 3: 0.1386955827474594, 4: 0.09087472409009933, 5: 0.08521097898483276}",,"['Swag alert! Just picked up some fresh gear', 'Even the smallest gestures carry a lot of swag', 'Confidence and swag, that’s how you win', 'Swag vibes only, no negativity allowed', 'That smile is pure swag energy 💯']"
swag,80,masked,1,26,0.2614385187625885,2,"{1: 0.0, 2: 0.2614385187625885, 3: 0.1386955827474594, 4: 0.09087472409009933, 5: 0.08521097898483276}",,"['That performance was full of swag and confidence', 'Not just clothes, it’s a lifestyle of swag', 'The whole crew showing off major swag today', 'Morning coffee with swag vibes only ☕😎', 'The dance moves were smooth, total swag 💃']"
swag,90,masked,0,57,0.27300089597702026,2,"{1: 0.0, 2: 0.27300089597702026, 3: 0.15976788103580475, 4: 0.0903797373175621, 5: 0.09348856657743454}",,"['Swag alert! Just picked up some fresh gear', 'Even the smallest gestures carry a lot of swag', 'Confidence and swag, that’s how you win', 'That smile is pure swag energy 💯', 'Swag vibes only, no negativity allowed']"
swag,90,masked,1,33,0.27300089597702026,2,"{1: 0.0, 2: 0.27300089597702026, 3: 0.15976788103580475, 4: 0.0903797373175621, 5: 0.09348856657743454}",,"['That performance was full of swag and confidence', 'That smile is pure swag energy 💯', 'Feeling the swag from head to toe today', 'Chill afternoon with friends, full of swag', 'Morning coffee with swag vibes only ☕😎']"
swag,100,masked,0,65,0.275730162858963,2,"{1: 0.0, 2: 0.275730162858963, 3: 0.15703533589839935, 4: 0.09145545214414597, 5: 0.0815558210015297}",,"['Swag alert! Just picked up some fresh gear', 'Even the smallest gestures carry a lot of swag', 'Swag isn’t loud, it’s in subtle actions', 'That smile is pure swag energy 💯', 'Confidence and swag, that’s how you win']"
swag,100,masked,1,35,0.275730162858963,2,"{1: 0.0, 2: 0.275730162858963, 3: 0.15703533589839935, 4: 0.09145545214414597, 5: 0.0815558210015297}",,"['That performance was full of swag and confidence', 'Swag levels: expert, mastered the art today', 'Feeling the swag from head to toe today', 'That smile is pure swag energy 💯', 'Chill afternoon with friends, full of swag']"
swag,110,masked,0,70,0.2845372259616852,2,"{1: 0.0, 2: 0.2845372259616852, 3: 0.1667533814907074, 4: 0.10078661888837814, 5: 0.1042761355638504}",,"['From outfit to attitude, everything screams swag', 'Swag alert! Just picked up some fresh gear', 'Even the smallest gestures carry a lot of swag', 'Style and confidence combine to create instant swag', 'That smile is pure swag energy 💯']"
swag,110,masked,1,40,0.2845372259616852,2,"{1: 0.0, 2: 0.2845372259616852, 3: 0.1667533814907074, 4: 0.10078661888837814, 5: 0.1042761355638504}",,"['That look is effortless, pure effortless swag', 'That performance was full of swag and confidence', 'Feeling the swag from head to toe today', 'Swag levels: expert, mastered the art today', 'Morning coffee with swag vibes only ☕😎']"
swag,120,masked,0,74,0.2891964018344879,2,"{1: 0.0, 2: 0.2891964018344879, 3: 0.17998738586902618, 4: 0.1667993813753128, 5: 0.11384178698062897}",,"['From outfit to attitude, everything screams swag', 'Style and confidence combine to create instant swag', 'Even the smallest gestures carry a lot of swag', 'Swag alert! Just picked up some fresh gear', 'That smile is pure swag energy 💯']"
swag,120,masked,1,46,0.2891964018344879,2,"{1: 0.0, 2: 0.2891964018344879, 3: 0.17998738586902618, 4: 0.1667993813753128, 5: 0.11384178698062897}",,"['That look is effortless, pure effortless swag', 'That performance was full of swag and confidence', 'Swag levels: expert, mastered the art today', 'Walking into the room like I own the swag', 'Feeling the swag from head to toe today']"
swag,130,masked,0,52,0.2895090579986572,2,"{1: 0.0, 2: 0.2895090579986572, 3: 0.18226197361946106, 4: 0.18679481744766235, 5: 0.11648914963006973}",,"['The way he handled that situation—so much swag', 'That look is effortless, pure effortless swag', 'That performance was full of swag and confidence', 'Feeling the swag from head to toe today', 'Swag levels: expert, mastered the art today']"
swag,130,masked,1,78,0.2895090579986572,2,"{1: 0.0, 2: 0.2895090579986572, 3: 0.18226197361946106, 4: 0.18679481744766235, 5: 0.11648914963006973}",,"['From outfit to attitude, everything screams swag', 'Style and confidence combine to create instant swag', 'Even the smallest gestures carry a lot of swag', 'That smile is pure swag energy 💯', 'Swag alert! Just picked up some fresh gear']"
swag,140,masked,0,84,0.2915424704551697,2,"{1: 0.0, 2: 0.2915424704551697, 3: 0.1855928897857666, 4: 0.1052280068397522, 5: 0.11052488535642624}",,"['Style and confidence combine to create instant swag', 'From outfit to attitude, everything screams swag', 'That smile is pure swag energy 💯', 'All eyes on him, effortless swag everywhere', 'Even the smallest gestures carry a lot of swag']"
swag,140,masked,1,56,0.2915424704551697,2,"{1: 0.0, 2: 0.2915424704551697, 3: 0.1855928897857666, 4: 0.1052280068397522, 5: 0.11052488535642624}",,"['The way he handled that situation—so much swag', 'That look is effortless, pure effortless swag', 'That performance was full of swag and confidence', 'Swag levels: expert, mastered the art today', 'Feeling the swag from head to toe today']"
swag,150,masked,0,60,0.29258519411087036,2,"{1: 0.0, 2: 0.29258519411087036, 3: 0.18750213086605072, 4: 0.10310210287570953, 5: 0.11591499298810959}",,"['The way he handled that situation—so much swag', 'That look is effortless, pure effortless swag', 'That performance was full of swag and confidence', 'Swag levels: expert, mastered the art today', 'Feeling the swag from head to toe today']"
swag,150,masked,1,90,0.29258519411087036,2,"{1: 0.0, 2: 0.29258519411087036, 3: 0.18750213086605072, 4: 0.10310210287570953, 5: 0.11591499298810959}",,"['Style and confidence combine to create instant swag', 'All eyes on him, effortless swag everywhere', 'That smile is pure swag energy 💯', 'From outfit to attitude, everything screams swag', 'Swag check: outfit, shoes, attitude all perfect']"
diss,5,masked,0,5,0.0,1,"{1: 0.0, 2: 0.0862029641866684, 3: 0.05153011158108711, 4: 0.0061426530592143536}",,"['Can’t believe she sent that diss in chat 😳', 'When your friend drops a playful diss 😂', 'He just threw a major diss at me 😤🔥', 'That was such a savage diss #shady', 'Diss incoming! Watch your back 😎']"
diss,10,masked,0,2,0.1283150613307953,3,"{1: 0.0, 2: 0.11016058921813965, 3: 0.1283150613307953, 4: 0.10318435728549957, 5: 0.10084905475378036}",,"['That was such a savage diss #shady', 'He just threw a major diss at me 😤🔥']"
diss,10,masked,1,6,0.1283150613307953,3,"{1: 0.0, 2: 0.11016058921813965, 3: 0.1283150613307953, 4: 0.10318435728549957, 5: 0.10084905475378036}",,"['Diss incoming! Watch your back 😎', 'That diss hit harder than I expected 💥', 'That was such a savage diss #shady', 'When your friend drops a playful diss 😂', 'Can’t believe she sent that diss in chat 😳']"
diss,10,masked,2,2,0.1283150613307953,3,"{1: 0.0, 2: 0.11016058921813965, 3: 0.1283150613307953, 4: 0.10318435728549957, 5: 0.10084905475378036}",,"['That was such a savage diss #shady', 'He just threw a major diss at me 😤🔥']"
diss,20,masked,0,2,0.10112810879945755,4,"{1: 0.0, 2: 0.07740823924541473, 3: 0.05461684614419937, 4: 0.10112810879945755, 5: 0.0940515398979187}",,"['He just threw a major diss at me 😤🔥', 'That was such a savage diss #shady']"
diss,20,masked,1,7,0.10112810879945755,4,"{1: 0.0, 2: 0.07740823924541473, 3: 0.05461684614419937, 4: 0.10112810879945755, 5: 0.0940515398979187}",,"['Diss incoming! Watch your back 😎', 'No need to start a diss war #calm', 'That diss hit harder than I expected 💥', 'When your friend drops a playful diss 😂', 'That was such a savage diss #shady']"
diss,20,masked,2,7,0.10112810879945755,4,"{1: 0.0, 2: 0.07740823924541473, 3: 0.05461684614419937, 4: 0.10112810879945755, 5: 0.0940515398979187}",,"['No need to start a diss war #calm', 'Diss incoming! Watch your back 😎', 'That diss hit harder than I expected 💥', 'He just threw a major diss at me 😤🔥', 'Can’t believe she sent that diss in chat 😳']"
diss,20,masked,3,3,0.10112810879945755,4,"{1: 0.0, 2: 0.07740823924541473, 3: 0.05461684614419937, 4: 0.10112810879945755, 5: 0.0940515398979187}",,"['Can’t believe she sent that diss in chat 😳', 'He just threw a major diss at me 😤🔥', 'That was such a savage diss #shady']"
diss,30,masked,0,29,0.0,1,"{1: 0.0, 2: 0.08377650380134583, 3: 0.06497322767972946, 4: 0.08649470657110214, 5: 0.09797615557909012}",,"['That diss hit harder than I expected 💥', 'That was a low-key savage diss 😳', 'That diss was so well-crafted, I respect it 😏', 'That diss cut deep, not gonna lie 💀', 'That diss stung more than expected 💔']"
diss,40,masked,0,37,0.0,1,"{1: 0.0, 2: 0.09238047152757645, 3: 0.09079539775848389, 4: 0.08688961714506149, 5: 0.07613417506217957}",,"['That diss was a work of art 💯', 'That diss was so well-crafted, I respect it 😏', 'That diss hit harder than I expected 💥', 'That was a low-key savage diss 😳', 'That diss cut deep, not gonna lie 💀']"
diss,50,masked,0,3,0.10191506892442703,3,"{1: 0.0, 2: 0.09798871725797653, 3: 0.10191506892442703, 4: 0.06993821263313293, 5: 0.07558271288871765}",,"['Can’t believe she sent that diss in chat 😳', 'He just threw a major diss at me 😤🔥', 'That was such a savage diss #shady']"
diss,50,masked,1,12,0.10191506892442703,3,"{1: 0.0, 2: 0.09798871725797653, 3: 0.10191506892442703, 4: 0.06993821263313293, 5: 0.07558271288871765}",,"['When your friend drops a playful diss 😂', 'That diss hit harder than I expected 💥', 'Diss or compliment? Hard to tell sometimes 😅', 'No need to start a diss war #calm', 'He always has a witty diss ready 🔥']"
diss,50,masked,2,29,0.10191506892442703,3,"{1: 0.0, 2: 0.09798871725797653, 3: 0.10191506892442703, 4: 0.06993821263313293, 5: 0.07558271288871765}",,"['Sometimes a diss is better left unsaid 🤐', 'Diss incoming! Watch your back 😎', 'He always has a witty diss ready 🔥', 'When a diss is so good it becomes iconic', 'Subtle diss, but everyone felt the shade 😎']"
diss,60,masked,0,53,0.0,1,"{1: 0.0, 2: 0.0768514946103096, 3: 0.07584064453840256, 4: 0.09752121567726135, 5: 0.08123444765806198}",,"['That diss was savage, no cap 😏', 'That diss was a work of art 💯', 'That diss was so well-crafted, I respect it 😏', 'The perfect diss is both subtle and clever 😏', 'That was a low-key savage diss 😳']"
diss,70,masked,0,6,0.10257964581251144,4,"{1: 0.0, 2: 0.09441246092319489, 3: 0.08999080955982208, 4: 0.10257964581251144, 5: 0.10015280544757843}",,"['That diss hit harder than I expected 💥', 'Can’t believe she sent that diss in chat 😳', 'When your friend drops a playful diss 😂', 'That was such a savage diss #shady', 'He just threw a major diss at me 😤🔥']"
diss,70,masked,1,21,0.10257964581251144,4,"{1: 0.0, 2: 0.09441246092319489, 3: 0.08999080955982208, 4: 0.10257964581251144, 5: 0.10015280544757843}",,"['Playing the diss game carefully, don’t lose #strategy', 'He sent a playful diss, but I laughed 😂', 'Can’t believe she sent that diss in chat 😳', 'Her diss was subtle but deadly 😏', 'No need to start a diss war #calm']"
diss,70,masked,2,21,0.10257964581251144,4,"{1: 0.0, 2: 0.09441246092319489, 3: 0.08999080955982208, 4: 0.10257964581251144, 5: 0.10015280544757843}",,"['Her diss was subtle but deadly 😏', 'When the diss hits just right 😂💀', 'He always has a witty diss ready 🔥', 'When a diss is so good it becomes iconic', 'That diss hit harder than I expected 💥']"
diss,70,masked,3,14,0.10257964581251144,4,"{1: 0.0, 2: 0.09441246092319489, 3: 0.08999080955982208, 4: 0.10257964581251144, 5: 0.10015280544757843}",,"['Diss incoming! Watch your back 😎', 'When the diss hits just right 😂💀', 'That diss had me laughing and cringing at once', 'When your friend drops a playful diss 😂', 'Someone just threw shade with a clever diss']"
diss,80,masked,0,18,0.11241718381643295,2,"{1: 0.0, 2: 0.11241718381643295, 3: 0.09645705670118332, 4: 0.101555734872818, 5: 0.09400474280118942}",,"['When your friend drops a playful diss 😂', 'That was a low-key savage diss 😳', 'That diss had me laughing and cringing at once', 'He always has a witty diss ready 🔥', 'No chill, just pure diss energy today']"
diss,80,masked,1,52,0.11241718381643295,2,"{1: 0.0, 2: 0.11241718381643295, 3: 0.09645705670118332, 4: 0.101555734872818, 5: 0.09400474280118942}",,"['That diss had everyone shocked and laughing 😂', 'I felt that diss, no way around it 💀', ""I can't even, that diss was brutal 😭"", 'That diss was a work of art 💯', 'The perfect diss mixes humor and subtle shade 😏']"
diss,90,masked,0,18,0.1159401535987854,5,"{1: 0.0, 2: 0.11231649667024612, 3: 0.10248370468616486, 4: 0.0924026221036911, 5: 0.1159401535987854}",,"['That diss stung more than expected 💔', 'Can’t believe she sent that diss in chat 😳', 'Playing the diss game carefully, don’t lose #strategy', 'That diss hit harder than I expected 💥', 'When the diss hits just right 😂💀']"
diss,90,masked,1,11,0.1159401535987854,5,"{1: 0.0, 2: 0.11231649667024612, 3: 0.10248370468616486, 4: 0.0924026221036911, 5: 0.1159401535987854}",,"['That was such a savage diss #shady', 'No need to start a diss war #calm', 'When your friend drops a playful diss 😂', 'That diss had me laughing and cringing at once', 'He always has a witty diss ready 🔥']"
diss,90,masked,2,32,0.1159401535987854,5,"{1: 0.0, 2: 0.11231649667024612, 3: 0.10248370468616486, 4: 0.0924026221036911, 5: 0.1159401535987854}",,"['When the diss hits just right 😂💀', 'Playing the diss game carefully, don’t lose #strategy', 'That diss stung more than expected 💔', 'That diss cut deep, not gonna lie 💀', ""I can't even, that diss was brutal 😭""]"
diss,90,masked,3,9,0.1159401535987854,5,"{1: 0.0, 2: 0.11231649667024612, 3: 0.10248370468616486, 4: 0.0924026221036911, 5: 0.1159401535987854}",,"['No need to start a diss war #calm', 'That diss hit harder than I expected 💥', 'Can’t believe she sent that diss in chat 😳', 'When your friend drops a playful diss 😂', 'I felt that diss all the way 😏']"
diss,90,masked,4,9,0.1159401535987854,5,"{1: 0.0, 2: 0.11231649667024612, 3: 0.10248370468616486, 4: 0.0924026221036911, 5: 0.1159401535987854}",,"['That was such a savage diss #shady', 'Someone just threw shade with a clever diss', 'I felt that diss all the way 😏', 'When your friend drops a playful diss 😂', 'Diss incoming! Watch your back 😎']"
diss,100,masked,0,23,0.11273495852947235,2,"{1: 0.0, 2: 0.11273495852947235, 3: 0.09810362011194229, 4: 0.1105291023850441, 5: 0.10860710591077805}",,"['Subtle diss, but everyone felt the shade 😎', 'When your friend drops a playful diss 😂', 'That was a low-key savage diss 😳', 'He always has a witty diss ready 🔥', 'That diss had me laughing and cringing at once']"
diss,100,masked,1,64,0.11273495852947235,2,"{1: 0.0, 2: 0.11273495852947235, 3: 0.09810362011194229, 4: 0.1105291023850441, 5: 0.10860710591077805}",,"['That diss had everyone shocked and laughing 😂', 'I felt that diss, no way around it 💀', 'That diss was playful but deadly accurate 😏', ""I can't even, that diss was brutal 😭"", 'That diss was savage, no cap 😏']"
diss,110,masked,0,16,0.1283160001039505,5,"{1: 0.0, 2: 0.11136125028133392, 3: 0.10047808289527893, 4: 0.09691209346055984, 5: 0.1283160001039505}",,"['Her diss was subtle but deadly 😏', 'When the diss hits just right 😂💀', 'I felt that diss all the way 😏', 'That diss had me laughing and cringing at once', 'That diss hit harder than I expected 💥']"
diss,110,masked,1,27,0.1283160001039505,5,"{1: 0.0, 2: 0.11136125028133392, 3: 0.10047808289527893, 4: 0.09691209346055984, 5: 0.1283160001039505}",,"['The diss battle starts now, who’s winning? 🔥', 'He sent a playful diss, but I laughed 😂', 'Diss incoming! Watch your back 😎', 'That diss cut deep, not gonna lie 💀', ""I can't even, that diss was brutal 😭""]"
diss,110,masked,2,7,0.1283160001039505,5,"{1: 0.0, 2: 0.11136125028133392, 3: 0.10047808289527893, 4: 0.09691209346055984, 5: 0.1283160001039505}",,"['When your friend drops a playful diss 😂', 'Can’t believe she sent that diss in chat 😳', 'No need to start a diss war #calm', 'Diss incoming! Watch your back 😎', 'That diss hit harder than I expected 💥']"
diss,110,masked,3,21,0.1283160001039505,5,"{1: 0.0, 2: 0.11136125028133392, 3: 0.10047808289527893, 4: 0.09691209346055984, 5: 0.1283160001039505}",,"['When a diss is so good it becomes iconic', 'When the diss hits just right 😂💀', 'He sent a playful diss, but I laughed 😂', 'Diss incoming! Watch your back 😎', 'Someone just threw shade with a clever diss']"
diss,110,masked,4,24,0.1283160001039505,5,"{1: 0.0, 2: 0.11136125028133392, 3: 0.10047808289527893, 4: 0.09691209346055984, 5: 0.1283160001039505}",,"['The diss battle starts now, who’s winning? 🔥', 'Someone just threw shade with a clever diss', 'No need to start a diss war #calm', 'He always has a witty diss ready 🔥', 'That was a low-key savage diss 😳']"
diss,120,masked,0,17,0.13484996557235718,5,"{1: 0.0, 2: 0.1131214052438736, 3: 0.10380367189645767, 4: 0.12503674626350403, 5: 0.13484996557235718}",,"['Diss or compliment? Hard to tell sometimes 😅', 'That diss stung more than expected 💔', 'I felt that diss all the way 😏', 'No chill, just pure diss energy today', 'That was a low-key savage diss 😳']"
diss,120,masked,1,36,0.13484996557235718,5,"{1: 0.0, 2: 0.1131214052438736, 3: 0.10380367189645767, 4: 0.12503674626350403, 5: 0.13484996557235718}",,"['When the diss is fire, everyone notices 🔥', 'The diss battle starts now, who’s winning? 🔥', 'That diss was a work of art 💯', 'I felt that diss, no way around it 💀', 'Diss incoming! Watch your back 😎']"
diss,120,masked,2,29,0.13484996557235718,5,"{1: 0.0, 2: 0.1131214052438736, 3: 0.10380367189645767, 4: 0.12503674626350403, 5: 0.13484996557235718}",,"['That diss cut deep, not gonna lie 💀', 'The diss battle starts now, who’s winning? 🔥', 'No need to start a diss war #calm', 'Someone just threw shade with a clever diss', 'When the diss hits just right 😂💀']"
diss,120,masked,3,13,0.13484996557235718,5,"{1: 0.0, 2: 0.1131214052438736, 3: 0.10380367189645767, 4: 0.12503674626350403, 5: 0.13484996557235718}",,"['When the diss hits just right 😂💀', 'He always has a witty diss ready 🔥', 'Someone just threw shade with a clever diss', 'When your friend drops a playful diss 😂', 'No need to start a diss war #calm']"
diss,120,masked,4,8,0.13484996557235718,5,"{1: 0.0, 2: 0.1131214052438736, 3: 0.10380367189645767, 4: 0.12503674626350403, 5: 0.13484996557235718}",,"['I felt that diss all the way 😏', 'When your friend drops a playful diss 😂', 'No need to start a diss war #calm', 'Diss incoming! Watch your back 😎', 'Can’t believe she sent that diss in chat 😳']"
diss,130,masked,0,33,0.15347906947135925,5,"{1: 0.0, 2: 0.11506138741970062, 3: 0.11332617700099945, 4: 0.12075832486152649, 5: 0.15347906947135925}",,"['That diss cut deep, not gonna lie 💀', 'No need to start a diss war #calm', 'Friendship level: playful diss wars 😂', 'The perfect diss is both subtle and clever 😏', 'No chill, just pure diss energy today']"
diss,130,masked,1,21,0.15347906947135925,5,"{1: 0.0, 2: 0.11506138741970062, 3: 0.11332617700099945, 4: 0.12075832486152649, 5: 0.15347906947135925}",,"['He sent a playful diss, but I laughed 😂', 'No chill, just pure diss energy today', 'Can’t believe she sent that diss in chat 😳', 'Savage diss alert! Watch your notifications 👀', 'That diss stung more than expected 💔']"
diss,130,masked,2,33,0.15347906947135925,5,"{1: 0.0, 2: 0.11506138741970062, 3: 0.11332617700099945, 4: 0.12075832486152649, 5: 0.15347906947135925}",,"['When the diss is fire, everyone notices 🔥', 'That diss was so well-crafted, I respect it 😏', 'No chill, just pure diss energy today', 'Savage diss alert! Watch your notifications 👀', 'That was a low-key savage diss 😳']"
diss,130,masked,3,15,0.15347906947135925,5,"{1: 0.0, 2: 0.11506138741970062, 3: 0.11332617700099945, 4: 0.12075832486152649, 5: 0.15347906947135925}",,"['Her diss was subtle but deadly 😏', 'When the diss hits just right 😂💀', 'He always has a witty diss ready 🔥', 'Someone just threw shade with a clever diss', 'That was a low-key savage diss 😳']"
diss,130,masked,4,9,0.15347906947135925,5,"{1: 0.0, 2: 0.11506138741970062, 3: 0.11332617700099945, 4: 0.12075832486152649, 5: 0.15347906947135925}",,"['I felt that diss all the way 😏', 'When your friend drops a playful diss 😂', 'Someone just threw shade with a clever diss', 'No need to start a diss war #calm', 'Diss incoming! Watch your back 😎']"
diss,140,masked,0,17,0.14432793855667114,5,"{1: 0.0, 2: 0.09686914086341858, 3: 0.10715066641569138, 4: 0.12043262273073196, 5: 0.14432793855667114}",,"['Her diss was subtle but deadly 😏', 'Someone just threw shade with a clever diss', 'He always has a witty diss ready 🔥', 'When the diss hits just right 😂💀', 'When your friend drops a playful diss 😂']"
diss,140,masked,1,9,0.14432793855667114,5,"{1: 0.0, 2: 0.09686914086341858, 3: 0.10715066641569138, 4: 0.12043262273073196, 5: 0.14432793855667114}",,"['I felt that diss all the way 😏', 'When your friend drops a playful diss 😂', 'Someone just threw shade with a clever diss', 'No need to start a diss war #calm', 'Diss incoming! Watch your back 😎']"
diss,140,masked,2,24,0.14432793855667114,5,"{1: 0.0, 2: 0.09686914086341858, 3: 0.10715066641569138, 4: 0.12043262273073196, 5: 0.14432793855667114}",,"['He sent a playful diss, but I laughed 😂', 'When the diss hits just right 😂💀', 'No chill, just pure diss energy today', 'Savage diss alert! Watch your notifications 👀', 'Can’t believe she sent that diss in chat 😳']"
diss,140,masked,3,49,0.14432793855667114,5,"{1: 0.0, 2: 0.09686914086341858, 3: 0.10715066641569138, 4: 0.12043262273073196, 5: 0.14432793855667114}",,"['When a diss is playful but still hits 😅', 'Feeling the heat from that savage diss 🔥', 'He sent a playful diss, but I laughed 😂', 'No mercy in this diss battle today 😤', 'Subtle diss, but everyone felt the shade 😎']"
diss,140,masked,4,21,0.14432793855667114,5,"{1: 0.0, 2: 0.09686914086341858, 3: 0.10715066641569138, 4: 0.12043262273073196, 5: 0.14432793855667114}",,"['Diss or compliment? Hard to tell sometimes 😅', 'Playing the diss game carefully, don’t lose #strategy', 'When a diss is so good it becomes iconic', 'Savage diss alert! Watch your notifications 👀', 'I felt that diss all the way 😏']"
diss,150,masked,0,35,0.12560413777828217,5,"{1: 0.0, 2: 0.09932414442300797, 3: 0.10930892080068588, 4: 0.12446005642414093, 5: 0.12560413777828217}",,"['Diss delivered in style, total savage move', 'That diss cut deep, not gonna lie 💀', 'Diss or compliment? Hard to tell sometimes 😅', 'He always has a witty diss ready 🔥', 'That diss stung more than expected 💔']"
diss,150,masked,1,14,0.12560413777828217,5,"{1: 0.0, 2: 0.09932414442300797, 3: 0.10930892080068588, 4: 0.12446005642414093, 5: 0.12560413777828217}",,"['Someone just threw shade with a clever diss', 'Diss or compliment? Hard to tell sometimes 😅', 'When the diss hits just right 😂💀', 'That diss hit harder than I expected 💥', 'That diss had me laughing and cringing at once']"
diss,150,masked,2,36,0.12560413777828217,5,"{1: 0.0, 2: 0.09932414442300797, 3: 0.10930892080068588, 4: 0.12446005642414093, 5: 0.12560413777828217}",,"['When a diss is so good it becomes iconic', 'Sometimes a diss is better left unsaid 🤐', 'Her diss was subtle but deadly 😏', 'That diss was so well-crafted, I respect it 😏', 'Savage diss alert! Watch your notifications 👀']"
diss,150,masked,3,23,0.12560413777828217,5,"{1: 0.0, 2: 0.09932414442300797, 3: 0.10930892080068588, 4: 0.12446005642414093, 5: 0.12560413777828217}",,"['Diss incoming! Watch your back 😎', 'Savage diss alert! Watch your notifications 👀', 'That diss stung more than expected 💔', 'Diss or compliment? Hard to tell sometimes 😅', 'He always has a witty diss ready 🔥']"
diss,150,masked,4,21,0.12560413777828217,5,"{1: 0.0, 2: 0.09932414442300797, 3: 0.10930892080068588, 4: 0.12446005642414093, 5: 0.12560413777828217}",,"['Playing the diss game carefully, don’t lose #strategy', 'That was such a savage diss #shady', 'I felt that diss all the way 😏', 'That diss stung more than expected 💔', 'When a diss is so good it becomes iconic']"
cringe,5,masked,0,2,0.28300243616104126,3,"{1: 0.0, 2: 0.22782962024211884, 3: 0.28300243616104126, 4: 0.20629248023033142}",,"['Cringe 😂 watching someone fail at karaoke is hilarious', 'Omg cringe 😬 that awkward handshake lasted forever']"
cringe,5,masked,1,2,0.28300243616104126,3,"{1: 0.0, 2: 0.22782962024211884, 3: 0.28300243616104126, 4: 0.20629248023033142}",,"['Cringe 😂 watching someone fail at karaoke is hilarious', 'Omg cringe 😬 that awkward handshake lasted forever']"
cringe,5,masked,2,1,0.28300243616104126,3,"{1: 0.0, 2: 0.22782962024211884, 3: 0.28300243616104126, 4: 0.20629248023033142}",,['Omg cringe 😬 that awkward handshake lasted forever']
cringe,10,masked,0,4,0.18198826909065247,4,"{1: 0.0, 2: 0.16294412314891815, 3: 0.16483041644096375, 4: 0.18198826909065247, 5: 0.17431659996509552}",,"['Omg cringe 😬 that awkward handshake lasted forever', 'Cringe 😂 watching someone fail at karaoke is hilarious', 'Her TikTok duet was cringe 🤦\u200d♀️ everyone was laughing', 'Cringe 😳 seeing my first vlog again makes me squirm']"
cringe,10,masked,1,2,0.18198826909065247,4,"{1: 0.0, 2: 0.16294412314891815, 3: 0.16483041644096375, 4: 0.18198826909065247, 5: 0.17431659996509552}",,"['Cringe 😂 watching someone fail at karaoke is hilarious', 'Omg cringe 😬 that awkward handshake lasted forever']"
cringe,10,masked,2,3,0.18198826909065247,4,"{1: 0.0, 2: 0.16294412314891815, 3: 0.16483041644096375, 4: 0.18198826909065247, 5: 0.17431659996509552}",,"['Omg cringe 😬 that awkward handshake lasted forever', 'Her TikTok duet was cringe 🤦\u200d♀️ everyone was laughing', 'Cringe 😂 watching someone fail at karaoke is hilarious']"
cringe,10,masked,3,1,0.18198826909065247,4,"{1: 0.0, 2: 0.16294412314891815, 3: 0.16483041644096375, 4: 0.18198826909065247, 5: 0.17431659996509552}",,['Omg cringe 😬 that awkward handshake lasted forever']
cringe,20,masked,0,7,0.19792568683624268,5,"{1: 0.0, 2: 0.16336624324321747, 3: 0.19743552803993225, 4: 0.19293968379497528, 5: 0.19792568683624268}",,"['Omg cringe 😅 that party last night was painfully awkward', 'Her TikTok duet was cringe 🤦\u200d♀️ everyone was laughing', 'Omg cringe 😬 that awkward handshake lasted forever', 'Cringe 😳 seeing my first vlog again makes me squirm', 'That joke was so cringe 😂 nobody laughed']"
cringe,20,masked,1,3,0.19792568683624268,5,"{1: 0.0, 2: 0.16336624324321747, 3: 0.19743552803993225, 4: 0.19293968379497528, 5: 0.19792568683624268}",,"['Omg cringe 😬 that awkward handshake lasted forever', 'Cringe 😂 watching someone fail at karaoke is hilarious', 'Her TikTok duet was cringe 🤦\u200d♀️ everyone was laughing']"
cringe,20,masked,2,5,0.19792568683624268,5,"{1: 0.0, 2: 0.16336624324321747, 3: 0.19743552803993225, 4: 0.19293968379497528, 5: 0.19792568683624268}",,"['Omg cringe 😬 that awkward handshake lasted forever', 'Cringe 😂 watching someone fail at karaoke is hilarious', 'Omg cringe 😅 that party last night was painfully awkward', 'Cringe 😳 seeing my first vlog again makes me squirm', 'Her TikTok duet was cringe 🤦\u200d♀️ everyone was laughing']"
cringe,20,masked,3,3,0.19792568683624268,5,"{1: 0.0, 2: 0.16336624324321747, 3: 0.19743552803993225, 4: 0.19293968379497528, 5: 0.19792568683624268}",,"['Her TikTok duet was cringe 🤦\u200d♀️ everyone was laughing', 'Omg cringe 😬 that awkward handshake lasted forever', 'Cringe 😂 watching someone fail at karaoke is hilarious']"
cringe,20,masked,4,2,0.19792568683624268,5,"{1: 0.0, 2: 0.16336624324321747, 3: 0.19743552803993225, 4: 0.19293968379497528, 5: 0.19792568683624268}",,"['Cringe 😂 watching someone fail at karaoke is hilarious', 'Omg cringe 😬 that awkward handshake lasted forever']"
cringe,30,masked,0,7,0.2428087294101715,3,"{1: 0.0, 2: 0.19849161803722382, 3: 0.2428087294101715, 4: 0.2123132199048996, 5: 0.2258603721857071}",,"['Omg cringe 😬 that awkward handshake lasted forever', 'Cringe 😬 when your pet does something embarrassing in public', 'Her TikTok duet was cringe 🤦\u200d♀️ everyone was laughing', 'That joke was so cringe 😂 nobody laughed', 'Omg cringe 😅 that party last night was painfully awkward']"
cringe,30,masked,1,12,0.2428087294101715,3,"{1: 0.0, 2: 0.19849161803722382, 3: 0.2428087294101715, 4: 0.2123132199048996, 5: 0.2258603721857071}",,"['Cringe 🤦\u200d♂️ tried to imitate a dance tutorial and failed', 'Omg cringe 😂 that fashion disaster at the awards', 'That performance was cringe 🤦 the audience couldn’t hide their faces', 'Cringe 😬 when someone mispronounces a simple word on stream', 'Cringe 😬 when your pet does something embarrassing in public']"
cringe,30,masked,2,11,0.2428087294101715,3,"{1: 0.0, 2: 0.19849161803722382, 3: 0.2428087294101715, 4: 0.2123132199048996, 5: 0.2258603721857071}",,"['Watching my old Instagram stories omg cringe 😩 can’t stop laughing', 'Omg cringe 😬 that awkward handshake lasted forever', 'Omg cringe 😅 that party last night was painfully awkward', 'Cringe 😬 when someone mispronounces a simple word on stream', 'Cringe 🤦\u200d♂️ tried to imitate a dance tutorial and failed']"
cringe,40,masked,0,16,0.25421077013015747,3,"{1: 0.0, 2: 0.20915928483009338, 3: 0.25421077013015747, 4: 0.24316135048866272, 5: 0.17585822939872742}",,"['Cringe 😳 just watched my old drama club rehearsal videos', 'Cringe 🤦\u200d♂️ tried to imitate a dance tutorial and failed', 'That performance was cringe 🤦 the audience couldn’t hide their faces', 'Omg cringe 😂 that fashion disaster at the awards', 'Cringe 😬 when someone mispronounces a simple word on stream']"
cringe,40,masked,1,15,0.25421077013015747,3,"{1: 0.0, 2: 0.20915928483009338, 3: 0.25421077013015747, 4: 0.24316135048866272, 5: 0.17585822939872742}",,"['His pickup line was pure cringe 😂 everyone was staring', 'Watching my old Instagram stories omg cringe 😩 can’t stop laughing', 'Cringe 😬 when someone mispronounces a simple word on stream', 'That joke was so cringe 😂 nobody laughed', 'Omg cringe 😅 that party last night was painfully awkward']"
cringe,40,masked,2,9,0.25421077013015747,3,"{1: 0.0, 2: 0.20915928483009338, 3: 0.25421077013015747, 4: 0.24316135048866272, 5: 0.17585822939872742}",,"['Cringe 🤦\u200d♂️ tried to imitate a dance tutorial and failed', 'Omg cringe 😬 that awkward handshake lasted forever', 'Cringe 😬 when your pet does something embarrassing in public', 'Her TikTok duet was cringe 🤦\u200d♀️ everyone was laughing', 'Watching my old Instagram stories omg cringe 😩 can’t stop laughing']"
cringe,50,masked,0,11,0.26114392280578613,3,"{1: 0.0, 2: 0.22143346071243286, 3: 0.26114392280578613, 4: 0.24914368987083435, 5: 0.1819794625043869}",,"['Cringe 🤦\u200d♂️ tried to imitate a dance tutorial and failed', 'Omg cringe 😬 that awkward handshake lasted forever', 'Cringe 😬 when your pet does something embarrassing in public', 'Watching my old Instagram stories omg cringe 😩 can’t stop laughing', 'Her TikTok duet was cringe 🤦\u200d♀️ everyone was laughing']"
cringe,50,masked,1,19,0.26114392280578613,3,"{1: 0.0, 2: 0.22143346071243286, 3: 0.26114392280578613, 4: 0.24914368987083435, 5: 0.1819794625043869}",,"['Watching the new reality show omg cringe 😩 too much drama', 'His pickup line was pure cringe 😂 everyone was staring', 'Watching my old Instagram stories omg cringe 😩 can’t stop laughing', 'Cringe 😂 my little brother tried to sing in the shower', 'Cringe 😬 when someone mispronounces a simple word on stream']"
cringe,50,masked,2,20,0.26114392280578613,3,"{1: 0.0, 2: 0.22143346071243286, 3: 0.26114392280578613, 4: 0.24914368987083435, 5: 0.1819794625043869}",,"['Cringe 🤦\u200d♂️ that viral dance challenge is harder than it looks', 'Cringe 😳 just watched my old drama club rehearsal videos', 'Cringe 🤦\u200d♂️ tried to imitate a dance tutorial and failed', 'Watching the new reality show omg cringe 😩 too much drama', 'Cringe 😬 when someone mispronounces a simple word on stream']"
cringe,60,masked,0,24,0.2756136953830719,3,"{1: 0.0, 2: 0.23824208974838257, 3: 0.2756136953830719, 4: 0.2559002935886383, 5: 0.2619350850582123}",,"['Watching the new reality show omg cringe 😩 too much drama', 'Cringe 😬 my high school talent show performance was disastrous', 'His pickup line was pure cringe 😂 everyone was staring', 'Watching my old Instagram stories omg cringe 😩 can’t stop laughing', 'Cringe 😂 my little brother tried to sing in the shower']"
cringe,60,masked,1,25,0.2756136953830719,3,"{1: 0.0, 2: 0.23824208974838257, 3: 0.2756136953830719, 4: 0.2559002935886383, 5: 0.2619350850582123}",,"['Cringe 😬 my high school talent show performance was disastrous', 'Cringe 🤦\u200d♂️ that viral dance challenge is harder than it looks', 'Cringe 😳 just watched my old drama club rehearsal videos', 'Cringe 🤦\u200d♂️ tried to imitate a dance tutorial and failed', 'Reading old texts omg cringe 😂 why did I say that?']"
cringe,60,masked,2,11,0.2756136953830719,3,"{1: 0.0, 2: 0.23824208974838257, 3: 0.2756136953830719, 4: 0.2559002935886383, 5: 0.2619350850582123}",,"['Cringe 🤦\u200d♂️ tried to imitate a dance tutorial and failed', 'Omg cringe 😬 that awkward handshake lasted forever', 'Cringe 😬 when your pet does something embarrassing in public', 'Watching my old Instagram stories omg cringe 😩 can’t stop laughing', 'Her TikTok duet was cringe 🤦\u200d♀️ everyone was laughing']"
cringe,70,masked,0,13,0.27071473002433777,3,"{1: 0.0, 2: 0.23500889539718628, 3: 0.27071473002433777, 4: 0.25332581996917725, 5: 0.2684744894504547}",,"['Cringe 🤦\u200d♂️ tried to imitate a dance tutorial and failed', 'Omg cringe 😬 that awkward handshake lasted forever', 'Cringe 😬 when your pet does something embarrassing in public', 'Omg cringe 😅 the prank video went horribly wrong', 'Watching my old Instagram stories omg cringe 😩 can’t stop laughing']"
cringe,70,masked,1,29,0.27071473002433777,3,"{1: 0.0, 2: 0.23500889539718628, 3: 0.27071473002433777, 4: 0.25332581996917725, 5: 0.2684744894504547}",,"['Cringe 😬 my high school talent show performance was disastrous', 'Cringe 🤦\u200d♂️ that viral dance challenge is harder than it looks', 'Cringe 😳 just watched my old drama club rehearsal videos', 'Cringe 🤦\u200d♂️ tried to imitate a dance tutorial and failed', 'Cringe 🤦 listening to my old podcast recordings']"
cringe,70,masked,2,28,0.27071473002433777,3,"{1: 0.0, 2: 0.23500889539718628, 3: 0.27071473002433777, 4: 0.25332581996917725, 5: 0.2684744894504547}",,"['Cringe 😬 my high school talent show performance was disastrous', 'Watching the new reality show omg cringe 😩 too much drama', 'His pickup line was pure cringe 😂 everyone was staring', 'Omg cringe 😬 he attempted a backflip and faceplanted', 'Watching my old Instagram stories omg cringe 😩 can’t stop laughing']"
cringe,80,masked,0,13,0.2774295210838318,3,"{1: 0.0, 2: 0.24398799240589142, 3: 0.2774295210838318, 4: 0.2645770013332367, 5: 0.2690419554710388}",,"['Cringe 🤦\u200d♂️ tried to imitate a dance tutorial and failed', 'Omg cringe 😬 that awkward handshake lasted forever', 'Cringe 😬 when your pet does something embarrassing in public', 'Omg cringe 😅 the prank video went horribly wrong', 'Watching my old Instagram stories omg cringe 😩 can’t stop laughing']"
cringe,80,masked,1,34,0.2774295210838318,3,"{1: 0.0, 2: 0.24398799240589142, 3: 0.2774295210838318, 4: 0.2645770013332367, 5: 0.2690419554710388}",,"['Cringe 😬 my high school talent show performance was disastrous', 'Watching old dance battles omg cringe 🤦\u200d♂️ can’t watch without flinching', 'Cringe 🤦\u200d♂️ that viral dance challenge is harder than it looks', 'Cringe 🤦\u200d♂️ tried to imitate a dance tutorial and failed', 'Cringe 😳 just watched my old drama club rehearsal videos']"
cringe,80,masked,2,33,0.2774295210838318,3,"{1: 0.0, 2: 0.24398799240589142, 3: 0.2774295210838318, 4: 0.2645770013332367, 5: 0.2690419554710388}",,"['Cringe 😬 my high school talent show performance was disastrous', 'Watching the new reality show omg cringe 😩 too much drama', 'Omg cringe 😬 he attempted a backflip and faceplanted', 'Cringe 🤦 listening to my old podcast recordings', 'His pickup line was pure cringe 😂 everyone was staring']"
cringe,90,masked,0,24,0.2800818681716919,5,"{1: 0.0, 2: 0.24376627802848816, 3: 0.2756667733192444, 4: 0.26014769077301025, 5: 0.2800818681716919}",,"['Cringe 🤦\u200d♂️ tried to imitate a dance tutorial and failed', 'Cringe 😬 when someone mispronounces a simple word on stream', 'Cringe 😳 just watched my old drama club rehearsal videos', 'That joke was so cringe 😂 nobody laughed', 'Omg cringe 😬 that awkward handshake lasted forever']"
cringe,90,masked,1,11,0.2800818681716919,5,"{1: 0.0, 2: 0.24376627802848816, 3: 0.2756667733192444, 4: 0.26014769077301025, 5: 0.2800818681716919}",,"['Cringe 🤦\u200d♂️ tried to imitate a dance tutorial and failed', 'Omg cringe 😬 that awkward handshake lasted forever', 'Cringe 😬 when your pet does something embarrassing in public', 'Cringe 😬 when someone mispronounces a simple word on stream', 'Watching my old Instagram stories omg cringe 😩 can’t stop laughing']"
cringe,90,masked,2,38,0.2800818681716919,5,"{1: 0.0, 2: 0.24376627802848816, 3: 0.2756667733192444, 4: 0.26014769077301025, 5: 0.2800818681716919}",,"['Cringe 😬 my high school talent show performance was disastrous', 'Watching the new reality show omg cringe 😩 too much drama', 'Cringe 🤦 listening to my old podcast recordings', 'Omg cringe 😬 he attempted a backflip and faceplanted', 'His pickup line was pure cringe 😂 everyone was staring']"
cringe,90,masked,3,14,0.2800818681716919,5,"{1: 0.0, 2: 0.24376627802848816, 3: 0.2756667733192444, 4: 0.26014769077301025, 5: 0.2800818681716919}",,"['That joke was so cringe 😂 nobody laughed', 'Cringe 😬 when someone mispronounces a simple word on stream', 'His pickup line was pure cringe 😂 everyone was staring', 'Watching my old Instagram stories omg cringe 😩 can’t stop laughing', 'Cringe 😬 when your pet does something embarrassing in public']"
cringe,90,masked,4,3,0.2800818681716919,5,"{1: 0.0, 2: 0.24376627802848816, 3: 0.2756667733192444, 4: 0.26014769077301025, 5: 0.2800818681716919}",,"['Cringe 😂 watching someone fail at karaoke is hilarious', 'Her TikTok duet was cringe 🤦\u200d♀️ everyone was laughing', 'Omg cringe 😬 that awkward handshake lasted forever']"
cringe,100,masked,0,43,0.28164517879486084,3,"{1: 0.0, 2: 0.25045356154441833, 3: 0.28164517879486084, 4: 0.26460570096969604, 5: 0.17473621666431427}",,"['Cringe 😬 my high school talent show performance was disastrous', 'Cringe 😳 reading my old diary entries omg what was I thinking', 'Watching the new reality show omg cringe 😩 too much drama', 'Cringe 🤦 listening to my old podcast recordings', 'Omg cringe 😬 he attempted a backflip and faceplanted']"
cringe,100,masked,1,43,0.28164517879486084,3,"{1: 0.0, 2: 0.25045356154441833, 3: 0.28164517879486084, 4: 0.26460570096969604, 5: 0.17473621666431427}",,"['Cringe 😂 my first stand-up comedy attempt was awkward', 'Cringe 😬 my high school talent show performance was disastrous', 'Watching old dance battles omg cringe 🤦\u200d♂️ can’t watch without flinching', 'Cringe 🤦\u200d♂️ that viral dance challenge is harder than it looks', 'Her reaction video was cringe 😬 people couldn’t stop laughing']"
cringe,100,masked,2,14,0.28164517879486084,3,"{1: 0.0, 2: 0.25045356154441833, 3: 0.28164517879486084, 4: 0.26460570096969604, 5: 0.17473621666431427}",,"['Cringe 🤦\u200d♂️ tried to imitate a dance tutorial and failed', 'Omg cringe 😬 that awkward handshake lasted forever', 'Omg cringe 😅 the prank video went horribly wrong', 'Cringe 😬 when your pet does something embarrassing in public', 'Watching my old Instagram stories omg cringe 😩 can’t stop laughing']"
cringe,110,masked,0,48,0.2862384021282196,3,"{1: 0.0, 2: 0.2572695016860962, 3: 0.2862384021282196, 4: 0.2656281292438507, 5: 0.27690738439559937}",,"['Cringe 😂 my first stand-up comedy attempt was awkward', 'Cringe 😬 my high school talent show performance was disastrous', 'Watching old dance battles omg cringe 🤦\u200d♂️ can’t watch without flinching', 'Cringe 🤦\u200d♂️ that viral dance challenge is harder than it looks', 'Cringe 🤦\u200d♂️ tried to imitate a dance tutorial and failed']"
cringe,110,masked,1,48,0.2862384021282196,3,"{1: 0.0, 2: 0.2572695016860962, 3: 0.2862384021282196, 4: 0.2656281292438507, 5: 0.27690738439559937}",,"['Cringe 😬 my high school talent show performance was disastrous', 'Cringe 😳 reading my old diary entries omg what was I thinking', 'Cringe 🤦 listening to my old podcast recordings', 'Watching the new reality show omg cringe 😩 too much drama', 'Watching my old Instagram stories omg cringe 😩 can’t stop laughing']"
cringe,110,masked,2,14,0.2862384021282196,3,"{1: 0.0, 2: 0.2572695016860962, 3: 0.2862384021282196, 4: 0.2656281292438507, 5: 0.27690738439559937}",,"['Cringe 🤦\u200d♂️ tried to imitate a dance tutorial and failed', 'Omg cringe 😬 that awkward handshake lasted forever', 'Omg cringe 😅 the prank video went horribly wrong', 'Cringe 😬 when your pet does something embarrassing in public', 'Watching my old Instagram stories omg cringe 😩 can’t stop laughing']"
cringe,120,masked,0,53,0.29275834560394287,3,"{1: 0.0, 2: 0.2640834152698517, 3: 0.29275834560394287, 4: 0.2680409252643585, 5: 0.16973835229873657}",,"['Cringe 😬 my high school talent show performance was disastrous', 'Cringe 😅 trying to act like a pro gamer but failing', 'Cringe 😳 reading my old diary entries omg what was I thinking', 'Watching cringe memes all night, can’t stop laughing', 'Cringe 🤦 listening to my old podcast recordings']"
cringe,120,masked,1,53,0.29275834560394287,3,"{1: 0.0, 2: 0.2640834152698517, 3: 0.29275834560394287, 4: 0.2680409252643585, 5: 0.16973835229873657}",,"['Cringe 😂 my first stand-up comedy attempt was awkward', 'Cringe 😬 my high school talent show performance was disastrous', 'Omg cringe 😂 the fashion choices in that show were wild', 'Watching old dance battles omg cringe 🤦\u200d♂️ can’t watch without flinching', 'Cringe 🤦\u200d♂️ that viral dance challenge is harder than it looks']"
cringe,120,masked,2,14,0.29275834560394287,3,"{1: 0.0, 2: 0.2640834152698517, 3: 0.29275834560394287, 4: 0.2680409252643585, 5: 0.16973835229873657}",,"['Cringe 🤦\u200d♂️ tried to imitate a dance tutorial and failed', 'Omg cringe 😬 that awkward handshake lasted forever', 'Omg cringe 😅 the prank video went horribly wrong', 'Cringe 😬 when your pet does something embarrassing in public', 'Watching my old Instagram stories omg cringe 😩 can’t stop laughing']"
cringe,130,masked,0,58,0.30008387565612793,3,"{1: 0.0, 2: 0.2725678086280823, 3: 0.30008387565612793, 4: 0.2759700417518616, 5: 0.1784655600786209}",,"['Cringe 😂 my first stand-up comedy attempt was awkward', 'Cringe 😬 my high school talent show performance was disastrous', 'Omg cringe 😂 the fashion choices in that show were wild', 'Watching old dance battles omg cringe 🤦\u200d♂️ can’t watch without flinching', 'Cringe 🤦\u200d♂️ that viral dance challenge is harder than it looks']"
cringe,130,masked,1,58,0.30008387565612793,3,"{1: 0.0, 2: 0.2725678086280823, 3: 0.30008387565612793, 4: 0.2759700417518616, 5: 0.1784655600786209}",,"['Cringe 😬 my high school talent show performance was disastrous', 'Cringe 😅 trying to act like a pro gamer but failing', 'Cringe 🤦 listening to my old podcast recordings', 'Cringe 😳 reading my old diary entries omg what was I thinking', 'Omg cringe 😂 the fashion choices in that show were wild']"
cringe,130,masked,2,14,0.30008387565612793,3,"{1: 0.0, 2: 0.2725678086280823, 3: 0.30008387565612793, 4: 0.2759700417518616, 5: 0.1784655600786209}",,"['Cringe 🤦\u200d♂️ tried to imitate a dance tutorial and failed', 'Omg cringe 😬 that awkward handshake lasted forever', 'Omg cringe 😅 the prank video went horribly wrong', 'Cringe 😬 when your pet does something embarrassing in public', 'Watching my old Instagram stories omg cringe 😩 can’t stop laughing']"
cringe,140,masked,0,63,0.3053267300128937,3,"{1: 0.0, 2: 0.2795361578464508, 3: 0.3053267300128937, 4: 0.28065213561058044, 5: 0.2913393974304199}",,"['Cringe 😅 trying to act like a pro gamer but failing', 'Cringe 😬 my high school talent show performance was disastrous', 'Cringe 😳 reading my old diary entries omg what was I thinking', 'Cringe 🤦 listening to my old podcast recordings', 'Cringe 😂 seeing my old school photos makes me laugh']"
cringe,140,masked,1,63,0.3053267300128937,3,"{1: 0.0, 2: 0.2795361578464508, 3: 0.3053267300128937, 4: 0.28065213561058044, 5: 0.2913393974304199}",,"['Cringe 😳 someone tried to freestyle rap in the cafeteria', 'Cringe 😂 my first stand-up comedy attempt was awkward', 'Cringe 😬 my high school talent show performance was disastrous', 'Omg cringe 😂 the fashion choices in that show were wild', 'Cringe 🤦\u200d♂️ that viral dance challenge is harder than it looks']"
cringe,140,masked,2,14,0.3053267300128937,3,"{1: 0.0, 2: 0.2795361578464508, 3: 0.3053267300128937, 4: 0.28065213561058044, 5: 0.2913393974304199}",,"['Cringe 🤦\u200d♂️ tried to imitate a dance tutorial and failed', 'Omg cringe 😬 that awkward handshake lasted forever', 'Omg cringe 😅 the prank video went horribly wrong', 'Cringe 😬 when your pet does something embarrassing in public', 'Watching my old Instagram stories omg cringe 😩 can’t stop laughing']"
cringe,150,masked,0,68,0.3116444945335388,3,"{1: 0.0, 2: 0.2872813940048218, 3: 0.3116444945335388, 4: 0.28265461325645447, 5: 0.17705802619457245}",,"['Cringe 😬 my high school talent show performance was disastrous', 'Cringe 😅 trying to act like a pro gamer but failing', 'Cringe 😳 reading my old diary entries omg what was I thinking', 'My old Instagram reels omg cringe 🤦 can’t unsee them', 'Watching cringe memes all night, can’t stop laughing']"
cringe,150,masked,1,68,0.3116444945335388,3,"{1: 0.0, 2: 0.2872813940048218, 3: 0.3116444945335388, 4: 0.28265461325645447, 5: 0.17705802619457245}",,"['Cringe 😂 my first stand-up comedy attempt was awkward', 'Cringe 😳 someone tried to freestyle rap in the cafeteria', 'Cringe 😬 my high school talent show performance was disastrous', 'Cringe 🤦\u200d♂️ that viral dance challenge is harder than it looks', 'Watching old dance battles omg cringe 🤦\u200d♂️ can’t watch without flinching']"
cringe,150,masked,2,14,0.3116444945335388,3,"{1: 0.0, 2: 0.2872813940048218, 3: 0.3116444945335388, 4: 0.28265461325645447, 5: 0.17705802619457245}",,"['Cringe 🤦\u200d♂️ tried to imitate a dance tutorial and failed', 'Omg cringe 😬 that awkward handshake lasted forever', 'Omg cringe 😅 the prank video went horribly wrong', 'Cringe 😬 when your pet does something embarrassing in public', 'Watching my old Instagram stories omg cringe 😩 can’t stop laughing']"
fortnight,5,masked,0,1,0.16227073967456818,2,"{1: 0.0, 2: 0.16227073967456818, 3: 0.04100801423192024, 4: 0.04073982685804367}",,['Can’t wait for the fortnight music festival 🎶 #excited']
fortnight,5,masked,1,4,0.16227073967456818,2,"{1: 0.0, 2: 0.16227073967456818, 3: 0.04100801423192024, 4: 0.04073982685804367}",,"['Road trip in a fortnight 🚗 adventure time!', 'Fortnight meeting with the team scheduled 🗓️ #workmode', 'Can’t wait for the fortnight music festival 🎶 #excited', 'Fortnight challenge mode activated! Let’s do this 😎']"
fortnight,10,masked,0,8,0.26795607805252075,2,"{1: 0.0, 2: 0.26795607805252075, 3: 0.17591702938079834, 4: 0.17225338518619537, 5: 0.13199901580810547}",,"['Road trip in a fortnight 🚗 adventure time!', 'Planning a fortnight study plan 📚 gotta ace these exams', 'Fortnight party with friends 🎉 snacks and games ready', 'New fortnight update drops tomorrow 🎮 can’t wait!', 'Fortnight meeting with the team scheduled 🗓️ #workmode']"
fortnight,10,masked,1,2,0.26795607805252075,2,"{1: 0.0, 2: 0.26795607805252075, 3: 0.17591702938079834, 4: 0.17225338518619537, 5: 0.13199901580810547}",,"['Can’t wait for the fortnight music festival 🎶 #excited', 'Fortnight meeting with the team scheduled 🗓️ #workmode']"
fortnight,20,masked,0,14,0.18714867532253265,2,"{1: 0.0, 2: 0.18714867532253265, 3: 0.1611543744802475, 4: 0.16667115688323975, 5: 0.16749081015586853}",,"['Planning my fortnight budget 💸 #adulting', 'Road trip in a fortnight 🚗 adventure time!', 'Fortnight countdown to the concert begins 🎵 so hyped!', 'Planning a fortnight study plan 📚 gotta ace these exams', 'New fortnight update drops tomorrow 🎮 can’t wait!']"
fortnight,20,masked,1,4,0.18714867532253265,2,"{1: 0.0, 2: 0.18714867532253265, 3: 0.1611543744802475, 4: 0.16667115688323975, 5: 0.16749081015586853}",,"['Fortnight meeting with the team scheduled 🗓️ #workmode', 'Road trip in a fortnight 🚗 adventure time!', 'Can’t wait for the fortnight music festival 🎶 #excited', 'Fortnight challenge mode activated! Let’s do this 😎']"
fortnight,30,masked,0,21,0.13910038769245148,2,"{1: 0.0, 2: 0.13910038769245148, 3: 0.13049224019050598, 4: 0.13600820302963257, 5: 0.13439907133579254}",,"['Road trip in a fortnight 🚗 adventure time!', 'Can’t believe how long this fortnight feels 😅 #patience', 'Fortnight challenge completed! Feeling proud 😎 #achievement', 'Trip to the countryside in a fortnight 🌳 #naturevibes', 'Planning a fortnight study plan 📚 gotta ace these exams']"
fortnight,30,masked,1,6,0.13910038769245148,2,"{1: 0.0, 2: 0.13910038769245148, 3: 0.13049224019050598, 4: 0.13600820302963257, 5: 0.13439907133579254}",,"['Fortnight meeting with the team scheduled 🗓️ #workmode', 'Fortnight challenge mode activated! Let’s do this 😎', 'Can’t wait for the fortnight music festival 🎶 #excited', 'Planning a fortnight study plan 📚 gotta ace these exams', 'Fortnight vacation countdown begins 🌴 so ready!']"
fortnight,40,masked,0,11,0.1370639204978943,2,"{1: 0.0, 2: 0.1370639204978943, 3: 0.11513009667396545, 4: 0.11817586421966553, 5: 0.11896972358226776}",,"['Fortnight challenge mode activated! Let’s do this 😎', 'Fortnight meeting with the team scheduled 🗓️ #workmode', 'Planning a fortnight study plan 📚 gotta ace these exams', 'Can’t believe how long this fortnight feels 😅 #patience', 'New fortnight update drops tomorrow 🎮 can’t wait!']"
fortnight,40,masked,1,24,0.1370639204978943,2,"{1: 0.0, 2: 0.1370639204978943, 3: 0.11513009667396545, 4: 0.11817586421966553, 5: 0.11896972358226776}",,"['Road trip in a fortnight 🚗 adventure time!', 'Can’t believe how long this fortnight feels 😅 #patience', 'Planning a fortnight reading list 📚 so many books!', 'Trip to the countryside in a fortnight 🌳 #naturevibes', 'Planning a fortnight study plan 📚 gotta ace these exams']"
fortnight,50,masked,0,13,0.14997726678848267,2,"{1: 0.0, 2: 0.14997726678848267, 3: 0.10876806080341339, 4: 0.10290765762329102, 5: 0.0960153192281723}",,"['Road trip in a fortnight 🚗 adventure time!', 'Camping adventure in a fortnight ⛺️ disconnecting from WiFi', 'Fortnight challenge mode activated! Let’s do this 😎', 'Can’t believe how long this fortnight feels 😅 #patience', 'Fortnight meeting with the team scheduled 🗓️ #workmode']"
fortnight,50,masked,1,32,0.14997726678848267,2,"{1: 0.0, 2: 0.14997726678848267, 3: 0.10876806080341339, 4: 0.10290765762329102, 5: 0.0960153192281723}",,"['Road trip in a fortnight 🚗 adventure time!', 'Planning my fortnight budget 💸 #adulting', 'Booking tickets for a fortnight trip ✈️ super excited!', 'Vacation prep for a fortnight 🌴 sun, beach, and chill', 'Fortnight cooking challenge 🍳 trying new recipes every week']"
fortnight,60,masked,0,19,0.15030193328857422,2,"{1: 0.0, 2: 0.15030193328857422, 3: 0.1449005901813507, 4: 0.11703582108020782, 5: 0.12059280276298523}",,"['Planning a fortnight reading list 📚 so many books!', 'Fortnight challenge mode activated! Let’s do this 😎', 'Can’t believe how long this fortnight feels 😅 #patience', 'Vacation starts in a fortnight 🌞 beach and sun ready', 'New fortnight update drops tomorrow 🎮 can’t wait!']"
fortnight,60,masked,1,35,0.15030193328857422,2,"{1: 0.0, 2: 0.15030193328857422, 3: 0.1449005901813507, 4: 0.11703582108020782, 5: 0.12059280276298523}",,"['Road trip in a fortnight 🚗 adventure time!', 'Planning a fortnight reading list 📚 so many books!', ""Fortnight update just dropped! Can't wait to try the new skins 🎮"", 'Can’t believe how long this fortnight feels 😅 #patience', 'Fortnight update brings amazing new features 🔥 #gamerlife']"
fortnight,70,masked,0,16,0.16187842190265656,3,"{1: 0.0, 2: 0.1582673341035843, 3: 0.16187842190265656, 4: 0.09041367471218109, 5: 0.12319032102823257}",,"['Planning my fortnight budget 💸 #adulting', 'Road trip in a fortnight 🚗 adventure time!', 'Fortnight cooking challenge 🍳 trying new recipes every week', 'Can’t believe how long this fortnight feels 😅 #patience', 'Fortnight party with friends 🎉 snacks and games ready']"
fortnight,70,masked,1,42,0.16187842190265656,3,"{1: 0.0, 2: 0.1582673341035843, 3: 0.16187842190265656, 4: 0.09041367471218109, 5: 0.12319032102823257}",,"[""I'll be on vacation for a fortnight 🌴 sun, beach, fun!"", 'Road trip in a fortnight 🚗 adventure time!', 'Fortnight challenge completed! Feeling proud 😎 #achievement', 'Booking my flight for a fortnight from now ✈️ so nervous', 'Planning a road trip in a fortnight 🚗✨ so excited!']"
fortnight,70,masked,2,6,0.16187842190265656,3,"{1: 0.0, 2: 0.1582673341035843, 3: 0.16187842190265656, 4: 0.09041367471218109, 5: 0.12319032102823257}",,"['Planning a fortnight study plan 📚 gotta ace these exams', 'Fortnight vacation countdown begins 🌴 so ready!', 'Can’t wait for the fortnight music festival 🎶 #excited', 'Fortnight meeting with the team scheduled 🗓️ #workmode', 'Road trip in a fortnight 🚗 adventure time!']"
fortnight,80,masked,0,25,0.16117095947265625,2,"{1: 0.0, 2: 0.16117095947265625, 3: 0.1597185581922531, 4: 0.13013088703155518, 5: 0.1344163715839386}",,"['Fortnight updates on the project coming soon 📝', 'Planning a fortnight reading list 📚 so many books!', 'Booking tickets for a fortnight trip ✈️ super excited!', 'Fortnight challenge mode activated! Let’s do this 😎', 'Can’t believe how long this fortnight feels 😅 #patience']"
fortnight,80,masked,1,48,0.16117095947265625,2,"{1: 0.0, 2: 0.16117095947265625, 3: 0.1597185581922531, 4: 0.13013088703155518, 5: 0.1344163715839386}",,"['Fortnight grind is real! Almost reached max level 💪', 'Road trip in a fortnight 🚗 adventure time!', 'Planning a fortnight reading list 📚 so many books!', 'Fortnight competition hype! Who’s joining the battle royale? 🔫', ""Fortnight update just dropped! Can't wait to try the new skins 🎮""]"
fortnight,90,masked,0,54,0.165145143866539,3,"{1: 0.0, 2: 0.16331204771995544, 3: 0.165145143866539, 4: 0.14471901953220367, 5: 0.13672250509262085}",,"['Fortnight grind is real! Almost reached max level 💪', 'Fortnight tournament rewards are insane 😍 gotta collect them all', 'Road trip in a fortnight 🚗 adventure time!', ""Fortnight update just dropped! Can't wait to try the new skins 🎮"", 'Camping trip planned in a fortnight ⛺️ nature vibes only!']"
fortnight,90,masked,1,10,0.165145143866539,3,"{1: 0.0, 2: 0.16331204771995544, 3: 0.165145143866539, 4: 0.14471901953220367, 5: 0.13672250509262085}",,"['Fortnight vacation countdown begins 🌴 so ready!', 'Fortnight party with friends 🎉 snacks and games ready', 'Road trip in a fortnight 🚗 adventure time!', 'Fortnight meeting with the team scheduled 🗓️ #workmode', 'Fortnight challenge mode activated! Let’s do this 😎']"
fortnight,90,masked,2,18,0.165145143866539,3,"{1: 0.0, 2: 0.16331204771995544, 3: 0.165145143866539, 4: 0.14471901953220367, 5: 0.13672250509262085}",,"['Planning my fortnight budget 💸 #adulting', 'Road trip in a fortnight 🚗 adventure time!', 'Vacation starts in a fortnight 🌞 beach and sun ready', 'Trip to the countryside in a fortnight 🌳 #naturevibes', 'Fortnight party with friends 🎉 snacks and games ready']"
fortnight,100,masked,0,8,0.17552264034748077,3,"{1: 0.0, 2: 0.16290627419948578, 3: 0.17552264034748077, 4: 0.145753413438797, 5: 0.13464200496673584}",,"['Fortnight challenge mode activated! Let’s do this 😎', 'Fortnight meeting with the team scheduled 🗓️ #workmode', 'Fortnight vacation countdown begins 🌴 so ready!', 'New fortnight update drops tomorrow 🎮 can’t wait!', 'Fortnight party with friends 🎉 snacks and games ready']"
fortnight,100,masked,1,23,0.17552264034748077,3,"{1: 0.0, 2: 0.16290627419948578, 3: 0.17552264034748077, 4: 0.145753413438797, 5: 0.13464200496673584}",,"['Trip to the countryside in a fortnight 🌳 #naturevibes', 'Studying for the next fortnight 📖 exams incoming!', 'Vacation starts in a fortnight 🌞 beach and sun ready', 'Road trip in a fortnight 🚗 adventure time!', 'Fortnight party with friends 🎉 snacks and games ready']"
fortnight,100,masked,2,60,0.17552264034748077,3,"{1: 0.0, 2: 0.16290627419948578, 3: 0.17552264034748077, 4: 0.145753413438797, 5: 0.13464200496673584}",,"['Fortnight grind is real! Almost reached max level 💪', 'Meeting my online friends in a fortnight 🎉 so pumped', 'Road trip in a fortnight 🚗 adventure time!', 'Fortnight tournament rewards are insane 😍 gotta collect them all', 'Fortnight competition hype! Who’s joining the battle royale? 🔫']"
fortnight,110,masked,0,21,0.17660415172576904,3,"{1: 0.0, 2: 0.17221353948116302, 3: 0.17660415172576904, 4: 0.1485452502965927, 5: 0.10803138464689255}",,"['Can’t believe how long this fortnight feels 😅 #patience', 'Fortnight cooking challenge 🍳 trying new recipes every week', 'Road trip in a fortnight 🚗 adventure time!', 'New fortnight update drops tomorrow 🎮 can’t wait!', 'Fortnight challenge completed! Feeling proud 😎 #achievement']"
fortnight,110,masked,1,13,0.17660415172576904,3,"{1: 0.0, 2: 0.17221353948116302, 3: 0.17660415172576904, 4: 0.1485452502965927, 5: 0.10803138464689255}",,"['New fortnight update drops tomorrow 🎮 can’t wait!', 'Road trip in a fortnight 🚗 adventure time!', 'Fortnight challenge mode activated! Let’s do this 😎', 'Planning a fortnight study plan 📚 gotta ace these exams', 'Camping adventure in a fortnight ⛺️ disconnecting from WiFi']"
fortnight,110,masked,2,66,0.17660415172576904,3,"{1: 0.0, 2: 0.17221353948116302, 3: 0.17660415172576904, 4: 0.1485452502965927, 5: 0.10803138464689255}",,"['Fortnight grind is real! Almost reached max level 💪', 'Meeting my online friends in a fortnight 🎉 so pumped', 'Road trip in a fortnight 🚗 adventure time!', 'Fortnight tournament rewards are insane 😍 gotta collect them all', 'Fortnight gaming marathon incoming 🎮 snacks and energy drinks ready']"
fortnight,120,masked,0,23,0.1752457171678543,3,"{1: 0.0, 2: 0.17023243010044098, 3: 0.1752457171678543, 4: 0.14335468411445618, 5: 0.140141561627388}",,"['Can’t believe how long this fortnight feels 😅 #patience', 'Studying for the next fortnight 📖 exams incoming!', 'Road trip in a fortnight 🚗 adventure time!', 'Fortnight challenge completed! Feeling proud 😎 #achievement', 'Fortnight cooking challenge 🍳 trying new recipes every week']"
fortnight,120,masked,1,14,0.1752457171678543,3,"{1: 0.0, 2: 0.17023243010044098, 3: 0.1752457171678543, 4: 0.14335468411445618, 5: 0.140141561627388}",,"['New fortnight update drops tomorrow 🎮 can’t wait!', 'Road trip in a fortnight 🚗 adventure time!', 'Camping adventure in a fortnight ⛺️ disconnecting from WiFi', 'Trip to the countryside in a fortnight 🌳 #naturevibes', 'Fortnight challenge mode activated! Let’s do this 😎']"
fortnight,120,masked,2,72,0.1752457171678543,3,"{1: 0.0, 2: 0.17023243010044098, 3: 0.1752457171678543, 4: 0.14335468411445618, 5: 0.140141561627388}",,"['Fortnight grind is real! Almost reached max level 💪', 'Meeting my online friends in a fortnight 🎉 so pumped', 'Road trip in a fortnight 🚗 adventure time!', 'Camping trip in a fortnight ⛺️ can’t wait to unplug', 'Planning a fortnight road trip 🚗 playlists ready!']"
fortnight,130,masked,0,10,0.1898861676454544,3,"{1: 0.0, 2: 0.17363183200359344, 3: 0.1898861676454544, 4: 0.13268649578094482, 5: 0.14355480670928955}",,"['New fortnight update drops tomorrow 🎮 can’t wait!', 'Fortnight challenge mode activated! Let’s do this 😎', 'Camping adventure in a fortnight ⛺️ disconnecting from WiFi', 'Fortnight tournament preparations are intense 🔥 gotta grind', 'Fortnight meeting with the team scheduled 🗓️ #workmode']"
fortnight,130,masked,1,80,0.1898861676454544,3,"{1: 0.0, 2: 0.17363183200359344, 3: 0.1898861676454544, 4: 0.13268649578094482, 5: 0.14355480670928955}",,"['Fortnight grind is real! Almost reached max level 💪', 'Meeting my online friends in a fortnight 🎉 so pumped', 'Road trip in a fortnight 🚗 adventure time!', 'Planning a fortnight road trip 🚗 playlists ready!', 'Fortnight gaming marathon incoming 🎮 snacks and energy drinks ready']"
fortnight,130,masked,2,29,0.1898861676454544,3,"{1: 0.0, 2: 0.17363183200359344, 3: 0.1898861676454544, 4: 0.13268649578094482, 5: 0.14355480670928955}",,"['Fortnight update brings amazing new features 🔥 #gamerlife', 'Trip to the countryside in a fortnight 🌳 #naturevibes', 'Studying for the next fortnight 📖 exams incoming!', 'Fortnight challenge completed! Feeling proud 😎 #achievement', 'Vacation starts in a fortnight 🌞 beach and sun ready']"
fortnight,140,masked,0,92,0.18675903975963593,2,"{1: 0.0, 2: 0.18675903975963593, 3: 0.1656602919101715, 4: 0.09482141584157944, 5: 0.12319403886795044}",,"['Fortnight competition hype! Who’s joining the battle royale? 🔫', 'Fortnight gaming marathon ready 🎮 snacks loaded', 'Fortnight patch notes are out! Excited for the new weapons 🔫', 'Camping trip in a fortnight ⛺️ can’t wait to unplug', 'Road trip in a fortnight 🚗 adventure time!']"
fortnight,140,masked,1,36,0.18675903975963593,2,"{1: 0.0, 2: 0.18675903975963593, 3: 0.1656602919101715, 4: 0.09482141584157944, 5: 0.12319403886795044}",,"['Fortnight gaming updates make me obsessed 😅 #gamerlife', 'The tournament is scheduled in a fortnight 🏆 everyone ready?', 'Fortnight update brings amazing new features 🔥 #gamerlife', 'Vacation starts in a fortnight 🌞 beach and sun ready', 'Studying for the next fortnight 📖 exams incoming!']"
fortnight,150,masked,0,18,0.19036708772182465,3,"{1: 0.0, 2: 0.18655721843242645, 3: 0.19036708772182465, 4: 0.12599243223667145, 5: 0.14540274441242218}",,"['Road trip in a fortnight 🚗 adventure time!', 'New fortnight update drops tomorrow 🎮 can’t wait!', 'Planning a fortnight study plan 📚 gotta ace these exams', 'Trip to the countryside in a fortnight 🌳 #naturevibes', 'Vacation starts in a fortnight 🌞 beach and sun ready']"
fortnight,150,masked,1,28,0.19036708772182465,3,"{1: 0.0, 2: 0.18655721843242645, 3: 0.19036708772182465, 4: 0.12599243223667145, 5: 0.14540274441242218}",,"['Can’t wait for the fortnight marathon of my favorite show 📺', 'Camping trip starts in a fortnight ⛺️ #adventuretime', 'Can’t believe how long this fortnight feels 😅 #patience', 'Fortnight squad meetup at the arcade 🎮 #gamingfun', 'Fortnight cooking challenge 🍳 trying new recipes every week']"
fortnight,150,masked,2,91,0.19036708772182465,3,"{1: 0.0, 2: 0.18655721843242645, 3: 0.19036708772182465, 4: 0.12599243223667145, 5: 0.14540274441242218}",,"['Fortnight grind is real! Almost reached max level 💪', 'Fortnight countdown begins! Two weeks until vacation ✈️', 'Fortnight update just released! Loving the new features 😍', 'Meeting my online friends in a fortnight 🎉 so pumped', 'Road trip in a fortnight 🚗 adventure time!']"
